alpha;,&beta;<sup>-</sup>,p<sup>-</sup>,&beta;<sup>+</sup>,p<sup>+</sup>,LRT,p-value,# branches under selection,Total branch length,MEME LogL,FEL LogL,omega,Site
0.0,0.0,1.0,0.0,0.0,0.0,1.0,0.0,0.0,0.0,0.0,,1
0.0,0.0,1.0,0.0,0.0,0.0,1.0,0.0,0.0,0.0,0.0,,2
0.0,0.0,1.0,0.0,0.0,0.0,1.0,0.0,0.0,0.0,0.0,,3
0.1101597293459216,0.06399142024397395,1.0,0.2373288206510467,0.0,0.0,0.6666666666666666,0.0,0.0,-15.83068183507184,-15.83068183507184,2.1544063521233885,4
0.0,0.0,0.01,0.05640967388548815,0.99,0.3678548782670141,0.4683180244742875,1.0,0.0,-11.39796362407286,-11.39795436900971,inf,5
0.2210008570257502,0.0,1.0,0.4264685188715154,0.0,0.0,0.6666666666666666,0.0,0.0,-22.5508546475937,-22.5508546475937,1.929714321523309,6
0.0,0.0,1.0,0.0,0.0,0.0,1.0,0.0,0.0,0.0,0.0,,7
0.0,0.0,1.0,0.0,0.0,0.0,1.0,0.0,0.0,0.0,0.0,,8
0.1116482539747178,0.0,1.0,0.2398467211399402,0.0,0.0,0.6666666666666666,0.0,0.0,-10.38363398259785,-10.38363398259785,2.1482353068795175,9
0.1601345370862118,0.0,1.0,0.3221909881754158,0.0,0.0,0.6666666666666666,0.0,0.0,-10.46941489936535,-10.46941489936535,2.0120018706642746,10
0.1985018726591779,0.0,1.0,0.387804145389009,0.0,0.0,0.6666666666666666,0.0,0.0,-14.55380836039136,-14.55380836039136,1.9536548456389513,11
0.0,0.0,1.0,0.0,0.0,0.0,1.0,0.0,0.0,0.0,0.0,,12
2.077154233340853,0.0,1.0,3.115731350011278,0.0,0.0,0.6666666666666666,0.0,0.0,-30.5720759482992,-30.57207594829919,1.4999999999999993,13
0.0,0.0,1e-08,0.2088216539345693,0.99999999,3.088085452173743,0.1019495269069443,2.0,0.0,-26.26935992722273,-26.2697673474693,inf,14
0.0,0.0,1.0,0.0,0.0,0.0,1.0,0.0,0.0,0.0,0.0,,15
0.0,0.0,1.0,0.0,0.0,0.0,1.0,0.0,0.0,0.0,0.0,,16
0.2688382229791952,0.05324232645970348,1.0,0.4032573344687928,0.0,0.0,0.6666666666666666,0.0,0.0,-15.58922499900125,-15.58922499900125,1.5,17
0.3437548697171283,0.0,1.0,0.5156323045756925,0.0,0.0,0.6666666666666666,0.0,0.0,-20.03163601435959,-20.03163601435959,1.5000000000000002,18
0.4335866161249533,0.0,1.0,0.6503799241874298,0.0,0.0,0.6666666666666666,0.0,0.0,-19.10604753395987,-19.10604753395987,1.4999999999999998,19
0.7310462727051334,0.0,1.0,1.0965694090577,0.0,0.0,0.6666666666666666,0.0,0.0,-32.02396047401286,-32.02396047401286,1.4999999999999998,20
0.0,0.0,1.0,0.0,0.0,0.0,1.0,0.0,0.0,0.0,0.0,,21
0.7661690871900503,0.0,1.0,1.408026629622209,0.0,0.0,0.6666666666666666,0.0,0.0,-22.71753062182065,-22.71753062182065,1.8377492033595246,22
0.1427622771677746,0.05336511627171391,1.0,0.2926143775309168,0.0,0.0,0.6666666666666666,0.0,0.0,-20.37750629254908,-20.37750629254908,2.049661740734463,23
1.78862158972837,0.468026699139182,1.0,2.682932384592556,0.0,0.0,0.6666666666666666,0.0,0.0,-96.6662386170982,-96.6662386170982,1.5000000000000007,24
1.477750304350129,0.3964152085162234,1.0,2.216625456525192,0.0,0.0,0.6666666666666666,0.0,0.0,-60.62781330762873,-60.62781330762872,1.499999999999999,25
0.1425447631999251,0.002317855510741593,0.0187904386298838,1.122280247109189,0.9812095613701162,6.892642215313515,0.01427950538338951,9.0,0.0,-86.53489287554859,-86.5319186815246,7.873177673564502,26
0.2458633793783358,0.0765390320996831,0.9902139385263331,28.90926718790056,0.009786061473666896,4.303856685626002,0.0540363901879799,1.0,0.0,-39.2477422729139,-37.01203504191066,117.58264797708989,27
0.0,0.0,1.0,0.0,0.0,0.0,1.0,0.0,0.0,0.0,0.0,,28
0.4176314945298901,0.0587584521210761,1.0,0.6820676176197813,0.0,0.0,0.6666666666666666,0.0,0.0,-34.68171547207291,-34.68057115523624,1.6331805109371733,29
0.0,0.0,1e-08,0.3798364840931458,0.99999999,4.629585116288197,0.04564932915159914,6.0,0.0,-35.8801788113321,-35.8751498481228,inf,30
0.2770051485700308,0.0,1.0,0.4155077228550462,0.0,0.0,0.6666666666666666,0.0,0.0,-14.79436879030332,-14.79436879030332,1.5000000000000002,31
0.2584647674607283,0.0129878545649016,0.01,0.4263390428101941,0.99,0.2474619417655219,0.5096534633215799,0.0,0.0,-51.33799934498956,-51.33864809784946,1.6495054509701135,32
0.3034475771741045,0.2473739833181617,1.0,0.4551713657611567,0.0,0.0,0.6666666666666666,0.0,0.0,-35.2302547040057,-35.2302547040057,1.5,33
1.04437679173543,0.1070981446943559,1.0,1.638491597293348,0.0,0.0,0.6666666666666666,0.0,0.0,-49.25389665715961,-49.24881904306447,1.5688701723931298,34
0.0,0.0,1.0,0.0,0.0,0.0,1.0,0.0,0.0,0.0,0.0,,35
0.2949818178657734,0.06790137059432977,1.0,0.5545958311824382,0.0,0.0,0.6666666666666666,0.0,0.0,-17.86380091757437,-17.86380091757437,1.8801017472703958,36
0.8067826892609895,0.0,1.0,1.210174033891484,0.0,0.0,0.6666666666666666,0.0,0.0,-33.02025155398069,-33.02025155398069,1.4999999999999996,37
0.7157296210379507,0.0,0.9312422932310698,8.069384525847436,0.06875770676893023,3.798251733751556,0.07028162493086487,5.0,0.0,-69.21574241985893,-66.2793112856256,11.27434758693544,38
0.4383212187200209,0.03586589501674251,1e-08,0.5298920422724921,0.99999999,0.04857584822831029,0.605536432006654,0.0,0.0,-61.48589025816876,-61.48646545258401,1.208912595698367,39
0.412821806297511,0.0,1.0,0.7618771663339916,0.0,0.0,0.6666666666666666,0.0,0.0,-28.23891265146344,-28.23891265146344,1.8455351793721009,40
0.0,0.0,0.5,0.110180093634592,0.5,0.6901926533342042,0.3814854412720251,1.0,0.0,-13.00476016664289,-12.99843978403456,inf,41
1.235900209298182,0.04973556086349475,1.0,1.853850313947273,0.0,0.0,0.6666666666666666,0.0,0.0,-34.4755380983361,-34.4755380983361,1.5000000000000002,42
0.1547822470907342,0.0,1.0,0.3130698561635887,0.0,0.0,0.6666666666666666,0.0,0.0,-9.733233310893725,-9.733233310893725,2.0226470544781883,43
0.3424108776410058,0.0536382098385334,1.0,0.6092865125620162,0.0,0.0,0.6666666666666666,0.0,0.0,-23.07444058794123,-23.07250631712695,1.7794017431911466,44
0.09482856550996173,0.0,1.0,0.2114302237260994,0.0,0.0,0.6666666666666666,0.0,0.0,-11.24802126758371,-11.24802126758371,2.2296047882733045,45
0.0,0.0,1e-08,0.1587693640275722,0.99999999,1.050161505890131,0.3085270867727692,1.0,0.0,-22.79549548796939,-22.79621090826169,inf,46
1.818650232698616,0.1388224243079745,1.0,2.727975349047923,0.0,0.0,0.6666666666666666,0.0,0.0,-45.55216014705236,-45.55216014705236,1.4999999999999993,47
0.728726478111022,0.05663046675369959,1e-08,1.023860401205283,0.99999999,0.4205324455862751,0.4521365539990785,0.0,0.0,-89.31614714789039,-89.31640626134083,1.4049995875809211,48
1.31466378201768,0.3742867730752064,1.0,1.971995673026519,0.0,0.0,0.6666666666666666,0.0,0.0,-60.23090630470827,-60.23090630470827,1.4999999999999991,49
0.2853155375693887,0.05378750611147386,1.0,0.427973306354083,0.0,0.0,0.6666666666666666,0.0,0.0,-22.69219462091199,-22.69219462091199,1.4999999999999998,50
0.1406224959759549,0.0,1.0,0.2109337439639323,0.0,0.0,0.6666666666666666,0.0,0.0,-10.40731037390408,-10.40731037390408,1.4999999999999998,51
0.2574258819370967,0.05735913393315332,0.7010871645984607,0.9248085055821477,0.2989128354015393,0.5646734017225725,0.4121889217839059,1.0,0.0,-38.53368658301864,-38.26724224334356,3.59252340371948,52
1.545624037276183,0.4638522581041677,1.0,2.978567078047611,0.0,0.0,0.6666666666666666,0.0,0.0,-88.65406672685695,-88.65406672685695,1.927096762351516,53
1.545486360724019,0.0,0.9551976591178435,6.800945761721687,0.04480234088215651,1.817867039430467,0.2010199172763348,3.0,0.0,-76.97489738226221,-73.89970145487595,4.400521372790133,54
3.661562705203543,0.5477330969835577,1.0,6.815422822263696,0.0,0.0,0.6666666666666666,0.0,0.0,-120.0136753577861,-120.0133273485887,1.8613426482026703,55
1.501989719708152,0.0540977444488272,1.0,2.884852910080134,0.0,0.0,0.6666666666666666,0.0,0.0,-57.19392826683271,-57.1939282668327,1.9206875201786886,56
0.5515468326028202,0.2787624476702719,1.0,0.8273202489042304,0.0,0.0,0.6666666666666666,0.0,0.0,-52.83704420596491,-52.83704420596491,1.5,57
0.398922995376762,0.08737845402300143,1.0,0.598384493065143,0.0,0.0,0.6666666666666666,0.0,0.0,-37.6293692237839,-37.6293692237839,1.4999999999999998,58
10.86995054262731,0.8416476924255034,1.0,16.30492581394097,0.0,0.0,0.6666666666666666,0.0,0.0,-10.93732523586553,-10.93732523586553,1.5000000000000004,59
4.381095620682824,0.3666031513717832,1.0,6.571643431024237,0.0,0.0,0.6666666666666666,0.0,0.0,-110.0279519136687,-110.0279519136687,1.5,60
0.0,0.0,1.0,0.0,0.0,0.0,1.0,0.0,0.0,0.0,0.0,,61
425.6666666667718,3.990253411306064,1.0,0.9968774395003911,0.0,0.0,0.6666666666666666,0.0,0.0,-7.998626797545174,-7.998626797545173,0.0023419203747066836,62
0.0,0.0,1e-08,3.913530934960543,0.99999999,0.9769343767575318,0.3218613067475718,0.0,0.0,-6.775260045535282,-6.776828040125236,inf,63
7.421052631578954,0.0,1.0,11.13157894736842,0.0,0.0,0.6666666666666666,0.0,0.0,-7.014085953407506,-7.014085953407506,1.4999999999999984,64
159.0000000000034,0.0,1.0,238.5000000000083,0.0,0.0,0.6666666666666666,0.0,0.0,-7.641969556810516,-7.641969556810516,1.50000000000002,65
2.922620187703511,0.0,1.0,4.383930281555267,0.0,0.0,0.6666666666666666,0.0,0.0,-8.808759985668884,-8.808759985668884,1.5000000000000002,66
11.22960364260655,0.0,1.0,16.8444054639098,0.0,0.0,0.6666666666666666,0.0,0.0,-13.36280204471717,-13.36280204471717,1.4999999999999978,67
4.189586193286314,0.486559765933071,1.0,6.284379289929472,0.0,0.0,0.6666666666666666,0.0,0.0,-40.05968283305689,-40.05968283305688,1.5,68
3.284620369696916,0.3986262843987438,1.0,4.926930554545375,0.0,0.0,0.6666666666666666,0.0,0.0,-111.020715789097,-111.020715789097,1.5000000000000004,69
0.9344707479780422,0.0,1.0,1.729476094230922,0.0,0.0,0.6666666666666666,0.0,0.0,-32.70665317716981,-32.7066531771698,1.8507546629716016,70
1.098602554085388,0.0,1.0,1.647903831128082,0.0,0.0,0.6666666666666666,0.0,0.0,-39.89779991882324,-39.89779991882324,1.5,71
0.2834586303730124,0.09742403138455698,1.0,0.5144089028931241,0.0,0.0,0.6666666666666666,0.0,0.0,-18.44936177353612,-18.44918251174808,1.814758302529709,72
1.08561935919142,0.0,1.0,2.02612704936804,0.0,0.0,0.6666666666666666,0.0,0.0,-40.70286579372572,-40.70286579372572,1.866332828549704,73
2.919299349285872,0.05887448251209324,1.0,6.357814472751646,0.0,0.0,0.6666666666666666,0.0,0.0,-50.17545787906426,-50.17545787906426,2.177856297712982,74
0.825670426038986,0.0,1.0,1.238505639058479,0.0,0.0,0.6666666666666666,0.0,0.0,-23.69625663658904,-23.69625663658904,1.5,75
5.717317828782003,0.0,1.0,8.575976743173003,0.0,0.0,0.6666666666666666,0.0,0.0,-49.55382262463505,-49.55382262463505,1.4999999999999998,76
0.6303603294096909,0.06247734063667235,1.0,1.155191068976971,0.0,0.0,0.6666666666666666,0.0,0.0,-31.9610231521643,-31.9610231521643,1.8325884658045737,77
2.182315823418567,0.04885391023185785,1.0,4.434733218451904,0.0,0.0,0.6666666666666666,0.0,0.0,-44.06611692007809,-44.06611692007809,2.0321225602923763,78
1.837974625988288,0.0,1.0,3.625935031204467,0.0,0.0,0.6666666666666666,0.0,0.0,-33.69318396030748,-33.69318396030748,1.9727884052016136,79
0.2824548145519186,0.05509100146885463,1.0,0.5327927082521796,0.0,0.0,0.6666666666666666,0.0,0.0,-17.70636245943908,-17.70636245943908,1.8862935974286459,80
1.306027344841017,0.0,1.0,2.47285739054811,0.0,0.0,0.6666666666666666,0.0,0.0,-56.44860644223479,-56.44860644223479,1.8934193072727217,81
1.885696762320923,0.08361521611665686,1.0,2.828545143481384,0.0,0.0,0.6666666666666666,0.0,0.0,-63.71510266447842,-63.71510266447842,1.4999999999999998,82
2.422758723090872,0.1537077647246732,1.0,5.031732043619143,0.0,0.0,0.6666666666666666,0.0,0.0,-59.36526981510912,-59.36526981510912,2.076860562161069,83
0.5888015864742447,0.0,1.0,1.078957240878385,0.0,0.0,0.6666666666666666,0.0,0.0,-13.89658292816871,-13.89658292816871,1.8324632026540584,84
0.3434758979094165,0.1491729026648301,1.0,0.5152138468641249,0.0,0.0,0.6666666666666666,0.0,0.0,-26.60058036034685,-26.60058036034685,1.5000000000000002,85
0.0,0.0,1e-08,0.3238939550124814,0.99999999,2.369620866994339,0.1492433146454111,3.0,0.0,-28.95249687681072,-28.95247737999977,inf,86
1.264534837773891,0.1570078227810958,1.0,2.38743935506329,0.0,0.0,0.6666666666666666,0.0,0.0,-44.71961790644207,-44.71961790644207,1.8879980873173725,87
1.339005130492974,0.5696352602696251,1.0,2.00850769573946,0.0,0.0,0.6666666666666666,0.0,0.0,-91.46388553212213,-91.46388553212213,1.4999999999999993,88
1.254806894943594,0.1300334704033866,1.0,1.882210342415391,0.0,0.0,0.6666666666666666,0.0,0.0,-59.09385243386776,-59.09385243386776,1.5,89
0.608679357503187,0.05539531521141861,1.0,0.9130190362547806,0.0,0.0,0.6666666666666666,0.0,0.0,-29.60432173167895,-29.60432173167895,1.5000000000000002,90
4.608198944605977,1.716449514286306,1.0,7.544636640914979,0.0,0.0,0.6666666666666666,0.0,0.0,-164.9957944154262,-164.8692444592277,1.6372202527727633,91
1.88684687390284,0.05366972592156125,1.0,3.737581127809956,0.0,0.0,0.6666666666666666,0.0,0.0,-44.59056845518534,-44.59056845518534,1.9808608634356073,92
3.318073934169936,0.0,0.9933791965651334,61.58079097207026,0.006620803434866596,2.002011499567701,0.1818807171086845,1.0,0.0,-55.08883738407803,-54.08796868026918,18.559197954543343,93
1.32285793217902,0.3602743783106254,1.0,2.322285784981608,0.0,0.0,0.6666666666666666,0.0,0.0,-52.34889112392226,-52.34638270410733,1.7555065653621054,94
1.33493955749546,0.0656048712960089,1e-08,1.586527287214826,0.99999999,0.1456437776242581,0.5517344248595313,1.0,0.0,-121.5452055924084,-121.5458755103736,1.1884637610045665,95
1.164247123627868,0.0,1.0,2.183528097621156,0.0,0.0,0.6666666666666666,0.0,0.0,-18.6877624211501,-18.68776242115009,1.8754850695418888,96
1.825366259948904,0.0,0.9884093129704313,10.82432007101177,0.01159068702956867,0.7792825995226451,0.3615514429856312,1.0,0.0,-33.88304440207999,-33.50113349835315,5.929944202712922,97
0.6385699979914179,0.05413586433532712,1.0,1.152093126418263,0.0,0.0,0.6666666666666666,0.0,0.0,-31.73405673010499,-31.73387327415338,1.8041767230563603,98
0.0,0.0,1.0,0.0,0.0,0.0,1.0,0.0,0.0,0.0,0.0,,99
0.5943399408577539,0.3427927517433467,1.0,1.08908628165036,0.0,0.0,0.6666666666666666,0.0,0.0,-53.21320988275082,-53.21320988275082,1.8324299054823507,100
5.588007833157102,0.06791099239107734,1.0,8.382011749735652,0.0,0.0,0.6666666666666666,0.0,0.0,-49.63912976330514,-49.63912976330514,1.4999999999999998,101
2.506668708870277,0.1724809755408112,1.0,5.246724435809255,0.0,0.0,0.6666666666666666,0.0,0.0,-81.34079898733272,-81.34079898733272,2.093106447311055,102
0.7042124232550564,0.0,1.0,1.056318634882584,0.0,0.0,0.6666666666666666,0.0,0.0,-27.415249744917,-27.415249744917,1.4999999999999991,103
2.315085809467562,0.0,1.0,4.760960605472238,0.0,0.0,0.6666666666666666,0.0,0.0,-54.64803381111139,-54.64803381111139,2.056494228422226,104
0.6526791478373195,0.0,1.0,0.979018721755979,0.0,0.0,0.6666666666666666,0.0,0.0,-26.26386885391423,-26.26386885391423,1.4999999999999996,105
0.0,0.0,1.0,0.0,0.0,0.0,1.0,0.0,0.0,0.0,0.0,,106
0.9671862963934373,0.0,1.0,1.793035094467101,0.0,0.0,0.6666666666666666,0.0,0.0,-33.67688945583483,-33.67688945583483,1.8538673481553551,107
1.745268061167009,0.0,1.0,3.416897166667107,0.0,0.0,0.6666666666666666,0.0,0.0,-27.07710385453454,-27.07710385453454,1.9578065070315496,108
1.223839425333513,0.0425132963296161,0.9755746324219725,2.132359024326057,0.02442536757802749,-0.07990732868428552,0.6666666666666666,0.0,0.0,-32.36608175784902,-32.33513244370885,1.7423519623458443,109
0.3248361289540078,0.0,1.0,0.6067353908173692,0.0,0.0,0.6666666666666666,0.0,0.0,-14.74166698754746,-14.74166698754746,1.8678199151402715,110
0.0,0.0,1.0,0.0,0.0,0.0,1.0,0.0,0.0,0.0,0.0,,111
0.2161733303398361,0.0,1.0,0.4217140053848306,0.0,0.0,0.6666666666666666,0.0,0.0,-14.47907125021005,-14.47843529793739,1.950814213399375,112
0.2733150957473293,0.0,1.0,0.4099726436209939,0.0,0.0,0.6666666666666666,0.0,0.0,-15.55344771064363,-15.55344771064363,1.4999999999999998,113
0.5965358368530242,0.0,1.0,1.09310490719709,0.0,0.0,0.6666666666666666,0.0,0.0,-14.29141373683413,-14.29141373683413,1.8324211885805135,114
2.196514055487899,0.0,1.0,4.469224429637456,0.0,0.0,0.6666666666666666,0.0,0.0,-63.74276307415057,-63.74276307415057,2.034689656763764,115
1.696599624740778,0.0,1.0,2.544899437111168,0.0,0.0,0.6666666666666666,0.0,0.0,-54.99230598936379,-54.99230598936379,1.5000000000000007,116
1.422154792308072,0.0,1.0,2.133232188462107,0.0,0.0,0.6666666666666666,0.0,0.0,-54.31876989151584,-54.31876989151584,1.4999999999999991,117
0.2788360593678437,0.0,1.0,0.5265025104192607,0.0,0.0,0.6666666666666666,0.0,0.0,-15.43306881434682,-15.43306881434682,1.8882152889870407,118
2.620520319280181,0.0,1.0,3.930780478920272,0.0,0.0,0.6666666666666666,0.0,0.0,-37.26457083879922,-37.26457083879922,1.5000000000000002,119
0.09719317832831859,0.0,1.0,0.231011324557601,0.0,0.0,0.6666666666666666,0.0,0.0,-11.26532516048203,-11.26521806225293,2.3768265276524314,120
3.048843428990555,0.0,1.0,6.726301479741014,0.0,0.0,0.6666666666666666,0.0,0.0,-77.81787478746496,-77.81787478746496,2.2061813393835163,121
0.0,0.0,1.0,0.0,0.0,0.0,1.0,0.0,0.0,0.0,0.0,,122
0.4973999110336213,0.0,1.0,0.746099866550432,0.0,0.0,0.6666666666666666,0.0,0.0,-16.2632345716921,-16.2632345716921,1.5000000000000002,123
0.0,0.0,1.0,0.0,0.0,0.0,1.0,0.0,0.0,0.0,0.0,,124
0.0,0.0,1.0,0.0,0.0,0.0,1.0,0.0,0.0,0.0,0.0,,125
0.1673386247278897,0.05053345159379093,1.0,0.3344802034097082,0.0,0.0,0.6666666666666666,0.0,0.0,-15.50168667553251,-15.50168667553251,1.9988224712232956,126
0.5903933685137899,0.06846873419848297,1.0,1.081867483692556,0.0,0.0,0.6666666666666666,0.0,0.0,-19.3958061041137,-19.3958061041137,1.8324519572703952,127
0.4813609280205452,0.0,1.0,0.8842819693004539,0.0,0.0,0.6666666666666666,0.0,0.0,-32.19897073724877,-32.19897073724877,1.8370455885084038,128
0.7310462727051334,0.0,1.0,1.342086784326571,0.0,0.0,0.6666666666666666,0.0,0.0,-19.34998267726293,-19.34998267726293,1.835843823347007,129
1.440583034789935,0.0,1.0,2.75420274880728,0.0,0.0,0.6666666666666666,0.0,0.0,-42.89557755894547,-42.89557755894547,1.9118667111117937,130
1.276414150997066,0.0,1.0,2.411830975635759,0.0,0.0,0.6666666666666666,0.0,0.0,-49.41972022470548,-49.41972022470548,1.8895363810811456,131
0.6016809633890112,0.0,1.0,0.9025214450835168,0.0,0.0,0.6666666666666666,0.0,0.0,-12.55357313478182,-12.55357313478182,1.5,132
0.0,0.0,1.0,0.0,0.0,0.0,1.0,0.0,0.0,0.0,0.0,,133
2.457691280390697,0.0,1.0,5.120806111958055,0.0,0.0,0.6666666666666666,0.0,0.0,-59.43198668002015,-59.43198668002015,2.0835839524742936,134
0.0,0.0,0.5168780598173057,0.09447661594566374,0.4831219401826943,0.01845763112818943,0.6308781909148606,1.0,0.0,-11.80808797266047,-11.80152398419395,inf,135
1.056500738599952,0.0,1.0,1.584751107899928,0.0,0.0,0.6666666666666666,0.0,0.0,-32.78112886169414,-32.78112886169414,1.4999999999999998,136
0.4335866161249533,0.0,1.0,0.6503799241874298,0.0,0.0,0.6666666666666666,0.0,0.0,-19.91492360936837,-19.91492360936837,1.4999999999999998,137
0.6548408437829868,0.0,1.0,1.200344110771328,0.0,0.0,0.6666666666666666,0.0,0.0,-34.41535444798929,-34.41535444798929,1.833031830814023,138
0.4242598354372469,0.0,1.0,0.7822091965136226,0.0,0.0,0.6666666666666666,0.0,0.0,-26.26241321670166,-26.26241321670166,1.8437031535343646,139
0.9792459440196225,0.0,1.0,1.468868916029433,0.0,0.0,0.6666666666666666,0.0,0.0,-19.23255997431181,-19.23255997431181,1.4999999999999993,140
3.489698312856429,0.0,1.0,8.058252833131741,0.0,0.0,0.6666666666666666,0.0,0.0,-69.11679978223835,-69.11679978223835,2.3091545774728606,141
0.0,0.0,1.0,0.0,0.0,0.0,1.0,0.0,0.0,0.0,0.0,,142
3.876916207769018,0.0,1.0,5.81537431165353,0.0,0.0,0.6666666666666666,0.0,0.0,-78.4269801829171,-78.4269801829171,1.5000000000000007,143
0.5780497080481064,0.0,1.0,1.059319736865936,0.0,0.0,0.6666666666666666,0.0,0.0,-23.67934215483126,-23.67934215483126,1.8325755071184593,144
0.8540543293141835,0.0,1.0,1.574741221587711,0.0,0.0,0.6666666666666666,0.0,0.0,-31.23333960953244,-31.23333960953244,1.8438419753135007,145
3.197798247261035,0.0,1.0,7.162464072280942,0.0,0.0,0.6666666666666666,0.0,0.0,-75.896350347978,-75.896350347978,2.239811119546302,146
0.4510648120215045,0.0,1.0,0.8300063999927068,0.0,0.0,0.6666666666666666,0.0,0.0,-20.21601292802175,-20.21601292802175,1.8401045212835982,147
0.0,0.0,1.0,0.0,0.0,0.0,1.0,0.0,0.0,0.0,0.0,,148
0.1824480369515031,0.0,1.0,0.2736720554272545,0.0,0.0,0.6666666666666666,0.0,0.0,-19.81589785239749,-19.81589785239749,1.4999999999999991,149
2.422459893048134,0.0,1.0,5.030972681399009,0.0,0.0,0.6666666666666666,0.0,0.0,-32.21068607396765,-32.21068607396765,2.0768032923214403,150
1.39252336448599,0.0,1.0,2.088785046728984,0.0,0.0,0.6666666666666666,0.0,0.0,-41.51589942927033,-41.51589942927033,1.4999999999999991,151
1.839628537972177,0.0,1.0,3.629696829082933,0.0,0.0,0.6666666666666666,0.0,0.0,-41.03697088725499,-41.03697088725499,1.97305964446711,152
0.0,0.0,1.0,0.0,0.0,0.0,1.0,0.0,0.0,0.0,0.0,,153
1.125746514110086,0.04468925647386598,1.0,1.68861977116513,0.0,0.0,0.6666666666666666,0.0,0.0,-35.99584327247128,-35.99584327247128,1.5000000000000009,154
1.94452284531344,0.1087541906801045,1.0,3.473690370160573,0.0,0.0,0.6666666666666666,0.0,0.0,-48.56320369499566,-48.56312115205539,1.786397304887742,155
9.556701030927835,0.0,1.0,14.33505154639177,0.0,0.0,0.6666666666666666,0.0,0.0,-50.19257258699265,-50.19257258699265,1.5000000000000018,156
0.5760179174371268,0.05399635287137311,1.0,1.05561274647563,0.0,0.0,0.6666666666666666,0.0,0.0,-23.76399602612587,-23.76399602612587,1.8326040119938658,157
0.0,0.0,1.0,0.0,0.0,0.0,1.0,0.0,0.0,0.0,0.0,,158
3.015686274509822,0.0,1.0,6.631044290938698,0.0,0.0,0.6666666666666666,0.0,0.0,-70.44614945346032,-70.44614945346032,2.1988508376974742,159
2.457691280390697,0.0,1.0,5.120806111958055,0.0,0.0,0.6666666666666666,0.0,0.0,-69.51005621627928,-69.51005621627928,2.0835839524742936,160
3.169152337776666,0.0,1.0,4.753728506664999,0.0,0.0,0.6666666666666666,0.0,0.0,-70.64782447449707,-70.64782447449707,1.4999999999999998,161
1.328347603652264,0.0,1.0,1.992521405478396,0.0,0.0,0.6666666666666666,0.0,0.0,-47.72790810880986,-47.72790810880986,1.5,162
1.589679150033412,0.04962637956849759,1.0,3.073934024592769,0.0,0.0,0.6666666666666666,0.0,0.0,-35.36827429321183,-35.36827429321183,1.9336820417680896,163
0.6117972857979103,0.0,1.0,1.121074749251978,0.0,0.0,0.6666666666666666,0.0,0.0,-18.65013200165039,-18.65013200165039,1.8324284452976356,164
0.2743948096452276,0.0,1.0,0.4115922144678415,0.0,0.0,0.6666666666666666,0.0,0.0,-9.284044468441333,-9.284044468441333,1.5000000000000002,165
1.250070383366187,0.0,1.0,2.357808233679146,0.0,0.0,0.6666666666666666,0.0,0.0,-42.61885530826417,-42.61885530826417,1.8861403846158205,166
1.344764162698785,0.05463560455028391,1.0,2.553167550525231,0.0,0.0,0.6666666666666666,0.0,0.0,-58.79192844100925,-58.79192844100925,1.8985987441852414,167
0.0,0.0,1.0,0.0,0.0,0.0,1.0,0.0,0.0,0.0,0.0,,168
0.0,0.0,1.0,0.0,0.0,0.0,1.0,0.0,0.0,0.0,0.0,,169
0.0,0.0,1.0,0.0,0.0,0.0,1.0,0.0,0.0,0.0,0.0,,170
2.342996555225592,0.0,1.0,3.514494832838388,0.0,0.0,0.6666666666666666,0.0,0.0,-58.69482325145979,-58.69482325145979,1.5,171
1.339915416570719,0.0,1.0,2.009873124856079,0.0,0.0,0.6666666666666666,0.0,0.0,-46.05199544987741,-46.05199544987741,1.5000000000000004,172
0.9254340864353539,0.0,1.0,1.711982310584047,0.0,0.0,0.6666666666666666,0.0,0.0,-33.20538094687954,-33.20538094687954,1.84992355012378,173
2.571313684130598,0.0,1.0,5.414793730142256,0.0,0.0,0.6666666666666666,0.0,0.0,-61.29968339026505,-61.29968339026504,2.1058472031478668,174
0.4227556253245537,0.0,1.0,0.6341334379868308,0.0,0.0,0.6666666666666666,0.0,0.0,-19.32045455336706,-19.32045455336706,1.5000000000000004,175
3.015686274509822,0.0,1.0,4.523529411764733,0.0,0.0,0.6666666666666666,0.0,0.0,-76.2565331802535,-76.2565331802535,1.5,176
0.2874240616052552,0.0,1.0,0.5414363523045097,0.0,0.0,0.6666666666666666,0.0,0.0,-17.58126695294139,-17.58126695294139,1.8837544403227868,177
2.082799431759387,0.0,1.0,4.195579342412529,0.0,0.0,0.6666666666666666,0.0,0.0,-62.43472152446159,-62.43472152446159,2.0143943187407296,178
1.366285771540561,0.0,1.0,2.598024627796481,0.0,0.0,0.6666666666666666,0.0,0.0,-30.24508622355138,-30.24508622355138,1.9015235918522873,179
2.935291015914558,0.0,1.0,4.402936523871834,0.0,0.0,0.6666666666666666,0.0,0.0,-41.06387009672886,-41.06387009672886,1.4999999999999991,180
0.4293076940797169,0.0,1.0,0.6439615411195753,0.0,0.0,0.6666666666666666,0.0,0.0,-17.83373625170298,-17.83373625170298,1.4999999999999998,181
2.089152792387309,0.0,1.0,3.133729188580963,0.0,0.0,0.6666666666666666,0.0,0.0,-55.6120804352577,-55.6120804352577,1.4999999999999998,182
2.423604145770653,0.0,1.0,3.635406218655978,0.0,0.0,0.6666666666666666,0.0,0.0,-64.5928715728275,-64.5928715728275,1.4999999999999993,183
4.335841022290346,0.06911585378287619,1.0,6.503761533435518,0.0,0.0,0.6666666666666666,0.0,0.0,-87.78291472988595,-87.78291472988595,1.4999999999999998,184
0.0,0.0,1.0,0.0,0.0,0.0,1.0,0.0,0.0,0.0,0.0,,185
0.1371647748913148,0.0,1.0,0.283101991605324,0.0,0.0,0.6666666666666666,0.0,0.0,-9.434237237192496,-9.434237237192496,2.0639555004529804,186
1.210816253898436,0.0,1.0,2.277771362085063,0.0,0.0,0.6666666666666666,0.0,0.0,-28.63162212914694,-28.63162212914694,1.8811866414506555,187
0.0,0.0,1.0,0.0,0.0,0.0,1.0,0.0,0.0,0.0,0.0,,188
0.2732702568868831,0.0,1.0,0.4099053853303246,0.0,0.0,0.6666666666666666,0.0,0.0,-11.17479835348984,-11.17479835348984,1.4999999999999998,189
1.85704827135224,0.0,1.0,3.66938766147905,0.0,0.0,0.6666666666666666,0.0,0.0,-33.61881388006128,-33.61881388006128,1.9759247608610224,190
0.9110710152455452,0.0,1.0,1.366606522868318,0.0,0.0,0.6666666666666666,0.0,0.0,-18.19628939760462,-18.19628939760462,1.5000000000000002,191
0.0,0.0,1.0,0.0,0.0,0.0,1.0,0.0,0.0,0.0,0.0,,192
0.923433629565283,0.0,1.0,1.385150444347924,0.0,0.0,0.6666666666666666,0.0,0.0,-19.60076290963907,-19.60076290963907,1.4999999999999993,193
0.2743948096452276,0.0,1.0,0.4115922144678415,0.0,0.0,0.6666666666666666,0.0,0.0,-9.807949932566206,-9.807949932566205,1.5000000000000002,194
0.1377837037345697,0.0,1.0,0.2066755556018546,0.0,0.0,0.6666666666666666,0.0,0.0,-8.610175567100676,-8.610175567100676,1.5000000000000004,195
0.8637878191662305,0.05233157778855928,1.0,1.593357952084733,0.0,0.0,0.6666666666666666,0.0,0.0,-21.61526285542779,-21.61526285542778,1.8446172968990449,196
0.6282519199091702,0.0,1.0,0.9423778798637553,0.0,0.0,0.6666666666666666,0.0,0.0,-14.1436241700657,-14.1436241700657,1.5,197
0.7743960933286742,0.0,1.0,1.423528376870516,0.0,0.0,0.6666666666666666,0.0,0.0,-18.0759476571887,-18.07594765718869,1.8382432312534058,198
0.910102535106183,0.0,1.0,1.68236396982689,0.0,0.0,0.6666666666666666,0.0,0.0,-29.5688794513101,-29.5688794513101,1.8485433288355868,199
0.1919318598334223,0.04115291883432142,1.0,0.0,0.0,0.0,0.6666666666666666,0.0,0.0,-11.11790748369657,-11.00834594438747,0.0,200
0.9043523237770937,0.0,1.0,1.35652848566564,0.0,0.0,0.6666666666666666,0.0,0.0,-33.89562569196627,-33.89562569196627,1.4999999999999996,201
0.5741181786588474,0.06679906156973377,1.0,1.052147810787776,0.0,0.0,0.6666666666666666,0.0,0.0,-20.0127261457892,-20.0127261457892,1.8326328095821949,202
3.015686274509822,0.0,1.0,4.523529411764733,0.0,0.0,0.6666666666666666,0.0,0.0,-67.47883626857384,-67.47883626857384,1.5,203
0.4035107444445762,0.0,1.0,0.7453539984303259,0.0,0.0,0.6666666666666666,0.0,0.0,-15.47108058032913,-15.47108058032913,1.8471726185539112,204
1.213710204979555,0.05429286682906288,1.0,2.2836532260234,0.0,0.0,0.6666666666666666,0.0,0.0,-32.40386373272689,-32.40386373272689,1.8815473550886626,205
1.233126158543242,0.0,1.0,2.323192538409469,0.0,0.0,0.6666666666666666,0.0,0.0,-37.83832601626387,-37.83832601626387,1.8839860968921305,206
0.2849443378194302,0.0,1.0,0.5371221857705701,0.0,0.0,0.6666666666666666,0.0,0.0,-8.29044142362552,-8.29044142362552,1.8850074013786706,207
2.607304632255344,0.0,1.0,3.910956948383016,0.0,0.0,0.6666666666666666,0.0,0.0,-54.21898151753475,-54.21898151753475,1.5,208
0.5733192792664421,0.0,1.0,1.050691022445979,0.0,0.0,0.6666666666666666,0.0,0.0,-24.84485275353138,-24.84485275353138,1.8326455440157716,209
0.550013421204673,0.0,1.0,0.8250201318070093,0.0,0.0,0.6666666666666666,0.0,0.0,-13.54279466773951,-13.54279466773951,1.4999999999999996,210
0.0,0.0,1.0,0.0,0.0,0.0,1.0,0.0,0.0,0.0,0.0,,211
1.637111239565442,0.0,1.0,3.177462856882503,0.0,0.0,0.6666666666666666,0.0,0.0,-30.97738169873337,-30.97738169873337,1.9408961224442727,212
0.3594020292960619,0.100595177047646,1.0,0.6674195707909046,0.0,0.0,0.6666666666666666,0.0,0.0,-23.51134018126248,-23.51134018126248,1.8570278306389567,213
4.543938009677544,0.0,1.0,6.815907014516314,0.0,0.0,0.6666666666666666,0.0,0.0,-51.08951428770234,-51.08951428770234,1.4999999999999996,214
0.0,0.0,1.0,0.0,0.0,0.0,1.0,0.0,0.0,0.0,0.0,,215
1.821713970790858,0.0,1.0,2.732570956186287,0.0,0.0,0.6666666666666666,0.0,0.0,-23.02993907047739,-23.02993907047739,1.5,216
0.923433629565283,0.0,1.0,1.708113329963243,0.0,0.0,0.6666666666666666,0.0,0.0,-33.96339084663484,-33.96339084663484,1.8497413081732328,217
2.089484551634413,0.0,1.0,4.211503760314476,0.0,0.0,0.6666666666666666,0.0,0.0,-29.12272745039964,-29.12272745039964,2.0155706616831415,218
0.6526791478373195,0.0,1.0,0.979018721755979,0.0,0.0,0.6666666666666666,0.0,0.0,-12.61595555533094,-12.61595555533094,1.4999999999999996,219
0.07351957624798376,0.0,1.0,0.1755381519807874,0.0,0.0,0.6666666666666666,0.0,0.0,-11.18074209094046,-11.18074209094046,2.3876382446587,220
0.0,0.0,1.0,0.0,0.0,0.0,1.0,0.0,0.0,0.0,0.0,,221
0.289185446304925,0.0,1.0,0.4337781694573877,0.0,0.0,0.6666666666666666,0.0,0.0,-16.87024489152984,-16.87024489152984,1.5000000000000007,222
2.368490306132948,0.0,1.0,4.894552329539468,0.0,0.0,0.6666666666666666,0.0,0.0,-30.73386909329204,-30.73386909329204,2.0665283353136625,223
1.615038386030998,0.0,1.0,2.422557579046498,0.0,0.0,0.6666666666666666,0.0,0.0,-41.96063896824345,-41.96063896824345,1.5000000000000007,224
11.25521729373927,0.0,1.0,16.88282594060889,0.0,0.0,0.6666666666666666,0.0,0.0,-58.65017055973325,-58.65017055973325,1.4999999999999987,225
0.7430552138591225,0.0,1.0,1.114582820788684,0.0,0.0,0.6666666666666666,0.0,0.0,-28.41516208514956,-28.41516208514956,1.5000000000000004,226
0.2045533757100166,0.0,1.0,0.3981898928954518,0.0,0.0,0.6666666666666666,0.0,0.0,-16.97022468668202,-16.97022468668202,1.9466307584184892,227
1.964963025123244,0.0,1.0,2.947444537684866,0.0,0.0,0.6666666666666666,0.0,0.0,-54.94912698446508,-54.94912698446508,1.5,228
2.311655170671326,0.0,1.0,4.752425940791698,0.0,0.0,0.6666666666666666,0.0,0.0,-60.75206922384594,-60.75206922384594,2.055854178031038,229
0.4280537127182111,0.0,1.0,0.7889615163157782,0.0,0.0,0.6666666666666666,0.0,0.0,-19.38214232247186,-19.38214232247186,1.8431367206366311,230
0.0,0.0,1.0,0.0,0.0,0.0,1.0,0.0,0.0,0.0,0.0,,231
0.0,0.0,1.0,0.0,0.0,0.0,1.0,0.0,0.0,0.0,0.0,,232
0.5733605329171825,0.1366984322937276,1.0,0.8600407993757738,0.0,0.0,0.6666666666666666,0.0,0.0,-30.54627998598104,-30.54627998598104,1.5000000000000002,233
0.0,0.0,1.0,0.0,0.0,0.0,1.0,0.0,0.0,0.0,0.0,,234
0.2632069952863002,0.0,1.0,0.4993778938928614,0.0,0.0,0.6666666666666666,0.0,0.0,-7.386619560846472,-7.386619560846472,1.8972819979562823,235
2.64815844628592,0.0,1.0,3.972237669428879,0.0,0.0,0.6666666666666666,0.0,0.0,-75.02740333837271,-75.02740333837271,1.4999999999999996,236
1.052901004762108,0.05578110676101293,1.0,1.844702953830126,0.0,0.0,0.6666666666666666,0.0,0.0,-32.39432330374523,-32.39411598599779,1.7520193688550212,237
0.6367898080263587,0.0,1.0,0.9551847120395381,0.0,0.0,0.6666666666666666,0.0,0.0,-26.28431109659901,-26.28431109659901,1.5000000000000002,238
0.0,0.0,1.0,0.0,0.0,0.0,1.0,0.0,0.0,0.0,0.0,,239
2.106663569610296,0.0,1.0,4.25251784642002,0.0,0.0,0.6666666666666666,0.0,0.0,-73.22627345196713,-73.22627345196713,2.018603211146181,240
0.5938867283928151,0.0,1.0,1.088257056791369,0.0,0.0,0.6666666666666666,0.0,0.0,-13.51985400302078,-13.51985400302078,1.832432019042463,241
1.492611849186646,0.0,1.0,2.238917773779967,0.0,0.0,0.6666666666666666,0.0,0.0,-27.82053595531357,-27.82053595531357,1.4999999999999987,242
0.4957237579193621,0.0,1.0,0.7435856368790431,0.0,0.0,0.6666666666666666,0.0,0.0,-19.69596265573244,-19.69596265573244,1.5,243
0.0,0.0,1.0,0.0,0.0,0.0,1.0,0.0,0.0,0.0,0.0,,244
0.0,0.0,1.0,0.0,0.0,0.0,1.0,0.0,0.0,0.0,0.0,,245
0.1108670358870938,0.0,1.0,0.2385251842466434,0.0,0.0,0.6666666666666666,0.0,0.0,-9.383970859299254,-9.383970859299254,2.1514527049280523,246
0.7661690871900503,0.0,1.0,1.149253630785075,0.0,0.0,0.6666666666666666,0.0,0.0,-28.21270052143627,-28.21270052143627,1.4999999999999993,247
0.1689447546138077,0.0,1.0,0.2534171319207116,0.0,0.0,0.6666666666666666,0.0,0.0,-9.17315773665249,-9.17315773665249,1.5000000000000002,248
0.9164525118663583,0.0,0.9945051105601764,203.1063429118516,0.005494889439823569,8.25265980172837,0.007139508088835012,1.0,0.0,-50.73801813983417,-44.13025107247708,221.62233207067644,249
0.0,0.0,1.0,0.0,0.0,0.0,1.0,0.0,0.0,0.0,0.0,,250
0.0,0.0,1.0,0.0,0.0,0.0,1.0,0.0,0.0,0.0,0.0,,251
0.0,0.0,1.0,0.0,0.0,0.0,1.0,0.0,0.0,0.0,0.0,,252
0.1654045422253774,0.0,1.0,0.3311795250901217,0.0,0.0,0.6666666666666666,0.0,0.0,-10.75237787652342,-10.75237787652342,2.0022396037882815,253
0.2319701636143316,0.0,0.99450505260776,1357.118242922727,0.005494947392239991,21.80678439188711,7.649695677791613e-06,1.0,0.0,-44.49803081864571,-31.94692245021681,5850.399990142876,254
1.210438344505104,0.08546264415609078,1.0,2.052485949782596,0.0,0.0,0.6666666666666666,0.0,0.0,-49.88284967441338,-49.88268991039661,1.6956550980890885,255
0.1406224959759549,0.0,1.0,0.2109337439639323,0.0,0.0,0.6666666666666666,0.0,0.0,-10.21770467989679,-10.21770467989679,1.4999999999999998,256
0.0,0.0,1.0,0.0,0.0,0.0,1.0,0.0,0.0,0.0,0.0,,257
1.989724973079108,0.0,1.0,3.975941081220238,0.0,0.0,0.6666666666666666,0.0,0.0,-33.87512386110681,-33.87512386110681,1.998236507564888,258
0.976214025522886,0.0,1.0,1.810636581183422,0.0,0.0,0.6666666666666666,0.0,0.0,-29.30312883150221,-29.30312883150221,1.8547537054833823,259
0.2944417478005368,0.0,1.0,0.5536549339668578,0.0,0.0,0.6666666666666666,0.0,0.0,-18.95969231490577,-18.95969231490577,1.8803547326512933,260
0.1124559903337945,0.04907239701124459,1.0,0.1991973756309075,0.0,0.0,0.6666666666666666,0.0,0.0,-21.21538568707905,-21.20955812228897,1.7713362804386428,261
