,Baseline MG94xREV,Baseline MG94xREV omega ratio,Corrected P-value,Full adaptive model,Full adaptive model (non-synonymous subs/site),Full adaptive model (synonymous subs/site),LRT,Nucleotide GTR,Rate Distributions,Rate classes,Uncorrected P-value,original name
NM_001009828_1_Felis_catus_brain_derived_neurotrop,0.006803916101097863,1.647020444777854,1,0.006784297754992563,0.005422569631460437,0.001361728123532137,0.1076824090523587,0.0068019309233316,"[[1.429256422955653, 1]]",1,0.4328344231368024,NM_001009828_1_Felis_catus_brain_derived_neurotrop
NM_001012441_1_Pan_troglodytes_brain_derived_neuro,0.001360001567244003,0,1,0.001345650600439432,1e-10,0.001345650600439432,0,0.001359724156150444,"[[0, 1]]",1,1,NM_001012441_1_Pan_troglodytes_brain_derived_neuro
NM_001048142_1_Mus_musculus_brain_derived_neurotro,0,1,1,0,1e-10,1e-10,0,0,"[[1, 1]]",1,1,NM_001048142_1_Mus_musculus_brain_derived_neurotro
NM_001081787_1_Equus_caballus_brain_derived_neurot,0,1,1,0,1e-10,1e-10,0,0,"[[1, 1]]",1,1,NM_001081787_1_Equus_caballus_brain_derived_neurot
NM_001270630_1_Rattus_norvegicus_brain_derived_neu,0,1,1,0,1e-10,1e-10,0,0,"[[1, 1]]",1,1,NM_001270630_1_Rattus_norvegicus_brain_derived_neu
NM_001709_5_Homo_sapiens_brain_derived_neurotrophi,0.002667284064633586,0,1,0.002644452543629539,1e-10,0.002644452543629539,0,0.00270818708146551,"[[0, 1]]",1,1,NM_001709_5_Homo_sapiens_brain_derived_neurotrophi
Node10,0.004079181182669912,0,1,0.004024636075389027,1e-10,0.004024636075389027,0,0.004797626823786841,"[[0, 1]]",1,1,
Node100,0.007282102860080411,0.2620581117881369,1,0.007114831959988196,0.002851294194647766,0.004263537765340425,0,0.007408365917819266,"[[0.2400310017633628, 1]]",1,1,
Node101,0.02710479076844768,0.07635985940866356,1,0.02794420240892012,0.004274970054693363,0.02366923235422681,0,0.02680605241582442,"[[0.06482526874989177, 1]]",1,1,
Node104,0.001387955108022868,0,1,0.00138985370011906,1e-10,0.00138985370011906,0,0.001363591500718833,"[[0, 1]]",1,1,
Node105,0.0159660812678844,0.03977036814872482,1,0.01594648141404952,0.001417744653783489,0.01452873676026602,0,0.01514531690368454,"[[0.03502398717839367, 1]]",1,1,
Node106,0.01988520234528582,0.03032948042872504,1,0.02011171997626384,0.001371273299094975,0.01874044667716888,0,0.0184808964545214,"[[0.02626270791618084, 1]]",1,1,
Node107,0.07625647531585726,0.08932764553796027,1,0.07513825239198288,0.01365386848542621,0.06148438390655663,0,0.06029652584511543,"[[0.0797051368517668, 1]]",1,1,
Node108,0.007236028471342565,0.2650976992460506,1,0.006226807919631489,0.002853290643194961,0.003373517276436533,0,0.006941302996271909,"[[0.3035697518566958, 1]]",1,1,
Node11,0.008113524265848706,0,1,0.007762021448346171,1e-10,0.007762021448346171,0,0.009349132295068932,"[[0, 1]]",1,1,
Node110,0.01352759930619075,0.06303328217198668,1,0.01336920189296818,0.001806070798825575,0.01156313109414258,0,0.01151826468398765,"[[0.05606021299709679, 1]]",1,1,
Node113,0.01172661457388671,0,1,0.01225667444162662,1e-10,0.01225667444162662,0,0.01103315895026085,"[[0, 1]]",1,1,
Node12,0.01669070631990461,0,1,0.01680464843924019,1e-10,0.01680464843924019,0,0.01579196858356438,"[[0, 1]]",1,1,
Node122,0.008678050992006742,0,1,0.007967104464808658,1e-10,0.007967104464808658,0,0.005839033777696664,"[[0, 1]]",1,1,
Node125,0.04031327924345852,0.08391337106134453,1,0.03895907977898854,0.006807654031746752,0.03215142574724179,0,0.03585245248508086,"[[0.07599633740330013, 1]]",1,1,
Node128,0.03139254962189311,0.01866709458583278,1,0.02973146959201349,0.001359092270678185,0.02837237732133531,0,0.02663741317367086,"[[0.01719288022915729, 1]]",1,1,
Node129,0.02187738405144127,0.185829257858377,1,0.02183167439243108,0.006789012502897439,0.01504266188953365,0,0.02067224392901189,"[[0.1619859459654414, 1]]",1,1,
Node13,0.01154873892543843,0.1481357764087594,1,0.01481450426100396,0.008552775614495637,0.006261728646508329,4.696161935265991,0.01106581679803267,"[[0, 0.9895733334274935], [47.01785054170222, 0.01042666657250646]]",2,0.03471171686167041,
Node133,0.01988585863256529,0.1069298537828656,1,0.02016096372908353,0.004086334808214798,0.01607462892086873,0,0.01890083599068298,"[[0.09124065891468544, 1]]",1,1,
Node136,0.01085420207583763,0,1,0.0108168773936583,1e-10,0.0108168773936583,0,0.01056578970597545,"[[0, 1]]",1,1,
Node137,0.00414232126422243,0,1,0.004167454362979886,1e-10,0.004167454362979886,0,0.004060386008996865,"[[0, 1]]",1,1,
Node14,0.0158602500991597,0.0911665582816877,1,0.01558513078963312,0.002880202936218754,0.01270492785341436,0,0.01548255357722572,"[[0.08136662599551543, 1]]",1,1,
Node140,0.006097158176565136,0.1175583200828476,1,0.006144264654147234,0.001348732245671159,0.004795532408476073,0,0.005881191314607801,"[[0.10094488846007, 1]]",1,1,
Node141,0.004107557699399839,0,1,0.004128494516527781,1e-10,0.004128494516527781,0,0.004083752742374803,"[[0, 1]]",1,1,
Node143,0.001351105006648085,0,1,0.001358300261749377,1e-10,0.001358300261749377,0,0.001352947125810313,"[[0, 1]]",1,1,
Node145,0.001340115655955433,0,1,0.00134460132365448,1e-10,0.00134460132365448,0,0.001353144862057182,"[[0, 1]]",1,1,
Node148,0.002728589195031472,0,1,0.002740816983870826,1e-10,0.002740816983870826,0,0.002708162501729405,"[[0, 1]]",1,1,
Node15,0.009547292875920795,0.07278178029906515,1,0.009575272845746894,0.001437969098210517,0.008137303747536373,0,0.008959547442084157,"[[0.06342558004779764, 1]]",1,1,
Node150,0.001347534367170656,0,1,0.001356129964474187,1e-10,0.001356129964474187,0,0.001352492536204162,"[[0, 1]]",1,1,
Node155,0.005968026928389052,0.1202898399563375,1,0.005577456984670075,0.001346335286620041,0.00423112169805003,0,0.006894005463115533,"[[0.1142071078200941, 1]]",1,1,
Node156,0.002360668248364532,0,1,0.002643904119488878,1e-10,0.002643904119488878,0,0.003180464440024461,"[[0, 1]]",1,1,
Node157,0.01726741665541415,0.03498765760219683,1,0.01688456402602426,0.001348192905287634,0.01553637112073663,0,0.01574358091458206,"[[0.03114568397385223, 1]]",1,1,
Node158,0.001421703646537719,0,1,0.001385883730197892,1e-10,0.001385883730197892,0,0.001358796968489703,"[[0, 1]]",1,1,
Node16,0.004092238091245161,0.2015900554554416,1,0.004416033733321444,0.001343381131070458,0.003072652602250989,0,0.004389038189103576,"[[0.1569210497690815, 1]]",1,1,
Node162,0.01963028111115142,0.030483270800562,1,0.01922496573188584,0.001350185590334053,0.0178747801415518,0,0.0183442461589017,"[[0.02711116511767398, 1]]",1,1,
Node163,0.0009130891724294772,0,1,0.0007169969437202557,1e-10,0.0007169969437202557,0,0.000654740041557839,"[[0, 1]]",1,1,
Node164,0.002738125189084905,0,1,0.002715848413372501,1e-10,0.002715848413372501,0,0.00268190313820271,"[[0, 1]]",1,1,
Node169,0.004302366502274021,0.1882335101587106,1,0.00440596705435379,0.001348136535334899,0.003057830519018891,0,0.004541447170044836,"[[0.1582398598673735, 1]]",1,1,
Node172,0.002654519153992527,0,1,0.002631799056899585,1e-10,0.002631799056899585,0,0.002528005989546503,"[[0, 1]]",1,1,
Node173,0.007334192826015159,0.09335127074140921,1,0.006988598350862356,0.00135006932922917,0.005638529021633182,0,0.008253417580227945,"[[0.08593808523105868, 1]]",1,1,
Node174,0.001516927681065648,0,1,0.00149605032165308,1e-10,0.00149605032165308,0,0.001602230955498566,"[[0, 1]]",1,1,
Node175,0.006846888015946194,0.2698256435058616,1,0.006839715051026773,0.002698417594210131,0.004141297456816631,0,0.006816226960937471,"[[0.2338665754341251, 1]]",1,1,
Node176,0.002603901673267522,0,1,0.00260429334565255,1e-10,0.00260429334565255,0,0.002458728857670346,"[[0, 1]]",1,1,
Node182,0.005354216979924469,0,1,0.005228364537313808,1e-10,0.005228364537313808,0,0.005070158851075006,"[[0, 1]]",1,1,
Node183,0.03251409106219374,0.03738777421773021,1,0.03268468748880856,0.002700978378972197,0.02998370910983634,0,0.02931882076161393,"[[0.03233189605265187, 1]]",1,1,
Node187,0.01247546925549506,0.04994581593613498,1,0.01238656220448311,0.001345210070469468,0.01104135213401367,0,0.01244682257971896,"[[0.04372836819335861, 1]]",1,1,
Node188,0.006279176350153331,0,1,0.006708366649189302,1e-10,0.006708366649189302,0,0.005298649926498014,"[[0, 1]]",1,1,
Node19,0.006636537553190692,0,1,0.006573591468621636,1e-10,0.006573591468621636,0,0.006378505005186071,"[[0, 1]]",1,1,
Node192,0.002710400960507444,0,1,0.002737608753303246,1e-10,0.002737608753303246,0,0.001901789572422561,"[[0, 1]]",1,1,
Node193,0.002520645888026851,0,1,0.002553464495448309,1e-10,0.002553464495448309,0,0.002048262095619781,"[[0, 1]]",1,1,
Node194,0.002698148038803403,0,1,0.002011710043595303,1e-10,0.002011710043595303,0,0.004003962734977223,"[[0, 1]]",1,1,
Node197,0.01438035937527719,0.09602571327969008,1,0.01469024386090346,0.00270894408701578,0.01198129977388769,0,0.01373454027365861,"[[0.08115056143868556, 1]]",1,1,
Node2,0.002673770713102728,0,1,0.002656161854436314,1e-10,0.002656161854436314,0,0.002708416111320121,"[[0, 1]]",1,1,
Node20,0.007943109528960162,0.08398113827600695,1,0.007880920200672041,0.001342466595919449,0.006538453604752596,0,0.007868755379395687,"[[0.07369259732990793, 1]]",1,1,
Node200,0.005742764101241945,0.3670326554415607,1,0.005704169065787305,0.002697000343388919,0.00300716872239839,0,0.005562728337568506,"[[0.3218982592580252, 1]]",1,1,
Node202,0.003679214922180067,0.2399244700107095,1,0.003714530528017605,0.001348321146410935,0.002366209381606672,0,0.005148664246543241,"[[0.2045199114058256, 1]]",1,1,
Node205,0.0701813451638369,0.08597015604019627,1,0.06825038257655706,0.01216514933277596,0.05608523324378111,0,0.05930356452575825,"[[0.07785102521754028, 1]]",1,1,
Node206,0.0335028449745717,0.04194485036901372,1,0.03271221225542537,0.002988934219438867,0.02972327803598648,0,0.03156813227130029,"[[0.03609234293744165, 1]]",1,1,
Node208,0.007609876483472854,0,1,0.007487725594210781,1e-10,0.007487725594210781,0,0.006822237614807254,"[[0, 1]]",1,1,
Node21,0.002036090473848817,0,1,0.002008437540912491,1e-10,0.002008437540912491,0,0.00205816465544196,"[[0, 1]]",1,1,
Node210,0.00902604564224343,0.07293933145752429,1,0.009280672910290796,0.001352845952657296,0.007927826957633501,0,0.009485794055358723,"[[0.06124767490273963, 1]]",1,1,
Node211,0.005382131387711952,0.421262821348164,1,0.005221476515727475,0.002714556182374473,0.002506920333353005,0,0.006778340848260165,"[[0.3886455717575804, 1]]",1,1,
Node215,0.1364743725497197,0.05172196976851091,1,0.1276840976774352,0.01519164461634565,0.1124924530610896,0,0.09566901784304278,"[[0.04847042491309961, 1]]",1,1,
Node221,0.001326474629327389,0,1,0.001318463221482234,1e-10,0.001318463221482234,0,0.001353302664649678,"[[0, 1]]",1,1,
Node225,0.002664145924158515,0,1,0.002646384125196886,1e-10,0.002646384125196886,0,0.002709059453278078,"[[0, 1]]",1,1,
Node228,0.001357176403216814,10000000000,1,0.001353437232353676,0.001353437232353676,1e-10,0.623700794436445,0.001358827723011422,"[[10000000000, 1]]",1,0.3055623854794982,
Node231,0.004037383865010933,0.2077729709321682,1,0.004028410305730547,0.001349411975939141,0.002678998329791409,0,0.004074016849967918,"[[0.1807871420543505, 1]]",1,1,
Node232,0.00116308813003753,0,1,0.00110176311814829,1e-10,0.00110176311814829,0,0.0009436750664344882,"[[0, 1]]",1,1,
Node234,0.002695676911893,0.4145255102188246,1,0.002690366120098718,0.001348676574290108,0.00134168954580861,0,0.002716360339611055,"[[0.3607872656705918, 1]]",1,1,
Node236,0.001332402778037063,0,1,0.001322875999751669,1e-10,0.001322875999751669,0,0.001344247664264828,"[[0, 1]]",1,1,
Node240,0.002683115539486287,0.4223382518325232,1,0.002664564740928323,0.00135315714729947,0.001311407593628853,0,0.002722792564273183,"[[0.3703445549282038, 1]]",1,1,
Node242,0.002680743628402291,0,1,0.002664068437120919,1e-10,0.002664068437120919,0,0.002714252834598801,"[[0, 1]]",1,1,
Node246,0.001332489863635391,0,1,0.001320245834898018,1e-10,0.001320245834898018,0,0.001353666633821516,"[[0, 1]]",1,1,
Node26,0.008499491730095248,0,1,0.00832226783250709,1e-10,0.00832226783250709,0,0.008633629645690925,"[[0, 1]]",1,1,
Node3,0.002710155318861549,0,1,0.002671908595287732,1e-10,0.002671908595287732,0,0.002720134043972028,"[[0, 1]]",1,1,
Node31,0.002470956643384158,0,1,0.002923971074448997,1e-10,0.002923971074448997,0,0.002118049934434638,"[[0, 1]]",1,1,
Node32,0.003431954201232466,0,1,0.003200479202289423,1e-10,0.003200479202289423,0,0.003279501652434451,"[[0, 1]]",1,1,
Node34,0.0211393619956596,0.02828900407029282,1,0.02129559837233832,0.001355006885158459,0.01994059148717985,0,0.02079864530229226,"[[0.02438927483155008, 1]]",1,1,
Node35,0.001432770754701506,0,1,0.001404206497569494,1e-10,0.001404206497569494,0,0.00136772865016309,"[[0, 1]]",1,1,
Node36,0.005363730915237609,0.1391519816987454,1,0.005397203037946341,0.001352490412542621,0.004044712625403718,0,0.005389747682863778,"[[0.1200167733392981, 1]]",1,1,
Node4,0.004029711818236157,0,1,0.003999636266161083,1e-10,0.003999636266161083,0,0.004071841312544004,"[[0, 1]]",1,1,
Node42,0.001351899020185519,10000000000,1,0.001348162599881641,0.001348162599881641,1e-10,0.4664688256016234,0.001316378786308054,"[[10000000000, 1]]",1,0.3365136063259672,
Node43,0.006537272494362668,0,1,0.006595326555388581,1e-10,0.006595326555388581,0,0.006938285054583855,"[[0, 1]]",1,1,
Node44,0.04408794831206116,0.05832146573004957,1,0.04355224323702424,0.005436514317096099,0.03811572891992815,0,0.04070253876071297,"[[0.05119313530023795, 1]]",1,1,
Node5,0.001320814867081351,0,1,0.001311721415837938,1e-10,0.001311721415837938,0,0.001347909587631397,"[[0, 1]]",1,1,
Node50,0,1,1,0,1e-10,1e-10,0,0.001047764315421526,"[[1, 1]]",1,1,
Node51,0.004112528246866204,0,1,0.003950600993368151,1e-10,0.003950600993368151,0,0.004223271121196022,"[[0, 1]]",1,1,
Node52,0.005190476164101467,0,1,0.005131034997864703,1e-10,0.005131034997864703,0,0.004227590057389494,"[[0, 1]]",1,1,
Node53,0.001830412613369085,0,1,0.001955281305455372,1e-10,0.001955281305455372,0,0.001854327980228898,"[[0, 1]]",1,1,
Node54,0.001579728980105352,0,1,0.001575057773457291,1e-10,0.001575057773457291,0,0.001356720831770645,"[[0, 1]]",1,1,
Node55,0.005276535071223793,0,1,0.005269443174971754,1e-10,0.005269443174971754,0,0.004579721922147911,"[[0, 1]]",1,1,
Node56,0,1,1,0.0009667195424711998,1e-10,0.0009667195424711998,0,0.002143967422380494,"[[0, 1]]",1,1,
Node57,0.007436440286369306,0,1,0.007605195393119172,1e-10,0.007605195393119172,0,0.007134582494413413,"[[0, 1]]",1,1,
Node58,0.002289459442901871,0,1,0.002104869720536533,1e-10,0.002104869720536533,0,0.00201165817121631,"[[0, 1]]",1,1,
Node59,0.01943527012813326,0,1,0.01900696575358849,1e-10,0.01900696575358849,0,0.01736376965603036,"[[0, 1]]",1,1,
Node6,0.001321686566374511,0,1,0.001312191436096561,1e-10,0.001312191436096561,0,0.001350622895283735,"[[0, 1]]",1,1,
Node60,0.002689907455075782,0.4026283949491,1,0.002398892580301991,0.001334179181841593,0.001064713398460397,0,0.002690590851077343,"[[0.4497558930024826, 1]]",1,1,
Node62,0.01285058611180781,0.04747840846248799,1,0.01340292639455389,0.001330528586504359,0.01207239780804953,0,0.01258047241161464,"[[0.03955725018178467, 1]]",1,1,
Node63,0.02202365863299894,0.1329693879846255,1,0.02201257495721378,0.005400256932961973,0.01661231802425179,0,0.02085899204567151,"[[0.1166754833103191, 1]]",1,1,
Node64,0.001309674052181565,0,1,0.001392132771940921,1e-10,0.001392132771940921,0,0.001307140138264024,"[[0, 1]]",1,1,
Node65,0.00124625757544027,0,1,0.001179860777960423,1e-10,0.001179860777960423,0,0.001323831066658474,"[[0, 1]]",1,1,
Node66,0.001388531861680491,0,1,0.001393088385805767,1e-10,0.001393088385805767,0,0.001333459966564834,"[[0, 1]]",1,1,
Node7,0.01063775343442335,0.1406429784718545,1,0.01154089026822096,0.002697977320688084,0.008842912947532878,0,0.01288206036867856,"[[0.1095061138412956, 1]]",1,1,
Node71,0.001645270172126589,0,1,0.001628774780953631,1e-10,0.001628774780953631,0,0.001396342641306631,"[[0, 1]]",1,1,
Node72,0.001375147946280846,0,1,0.001384535890630526,1e-10,0.001384535890630526,0,0.001327682694727149,"[[0, 1]]",1,1,
Node76,0.01196084543139263,0.2108275726758979,1,0.01196452512334714,0.004057793617841057,0.007906731505506094,0,0.011340996586544,"[[0.1841994738600786, 1]]",1,1,
Node77,0.001308085357090267,0,1,0.001355620557064164,1e-10,0.001355620557064164,0,0.001319962240425514,"[[0, 1]]",1,1,
Node78,0.001398944755514448,0,1,0.001406854202727296,1e-10,0.001406854202727296,0,0.00134368006693117,"[[0, 1]]",1,1,
Node8,0.0080070479015377,0,1,0.006492102636409835,1e-10,0.006492102636409835,0,0.006180778764511044,"[[0, 1]]",1,1,
Node80,0.002808253692245925,0,1,0.002818574885543297,1e-10,0.002818574885543297,0,0.002690901284276624,"[[0, 1]]",1,1,
Node9,0.001204823638992045,0,1,0.001532975531771662,1e-10,0.001532975531771662,0,9.166902468518253e-05,"[[0, 1]]",1,1,
Node90,0.004700017873115551,0.03346912977897674,1,0.004301264866238773,1e-10,0.004301264866238773,0,0.005169150588498204,"[[0, 1]]",1,1,
Node93,0.03144402632412025,0.03885225932263301,1,0.03074339696081317,0.002709798486602235,0.02803359847421097,0,0.02799410571775671,"[[0.03469393570115019, 1]]",1,1,
Node97,0.001394043607043114,0,1,0.00139309470384324,1e-10,0.00139309470384324,0,0.001349863318556411,"[[0, 1]]",1,1,
XM_002821931_2_PREDICTED_Pongo_abelii_brain_derive,0.004028946864886929,0,1,0.004003243268556096,1e-10,0.004003243268556096,0,0.004076816978154546,"[[0, 1]]",1,1,XM_002821931_2_PREDICTED_Pongo_abelii_brain_derive
XM_003254347_2_PREDICTED_Nomascus_leucogenys_brain,0,1,1,0,1e-10,1e-10,0,0,"[[1, 1]]",1,1,XM_003254347_2_PREDICTED_Nomascus_leucogenys_brain
XM_003919940_3_PREDICTED_Saimiri_boliviensis_boliv,0.005405060696567265,0,1,0.005345210731485753,1e-10,0.005345210731485753,0,0.005413879693575783,"[[0, 1]]",1,1,XM_003919940_3_PREDICTED_Saimiri_boliviensis_boliv
XM_004050851_2_PREDICTED_Gorilla_gorilla_gorilla_b,0.001333233436103606,0,1,0.001322972107862615,1e-10,0.001322972107862615,0,0.001353310449637092,"[[0, 1]]",1,1,XM_004050851_2_PREDICTED_Gorilla_gorilla_gorilla_b
XM_004369733_1_PREDICTED_Trichechus_manatus_latiro,0.006251547702446503,0.1139722823158232,1,0.006411038389228667,0.001350062351220593,0.00506097603800807,0,0.006267636120013655,"[[0.09574474952378728, 1]]",1,1,XM_004369733_1_PREDICTED_Trichechus_manatus_latiro
XM_004408653_1_PREDICTED_Odobenus_rosmarus_diverge,0.001352246972294661,10000000000,1,0.001346763160787594,0.001346763160787594,1e-10,0.6054154463781742,0.001353390022130643,"[[10000000000, 1]]",1,0.3089483441877681,XM_004408653_1_PREDICTED_Odobenus_rosmarus_diverge
XM_004418542_2_PREDICTED_Ceratotherium_simum_simum,0.01133373555307689,0.1302854370936934,1,0.01126354550404181,0.002713658212191735,0.008549887291850066,0,0.01140999808145708,"[[0.1139174301674459, 1]]",1,1,XM_004418542_2_PREDICTED_Ceratotherium_simum_simum
XM_004585440_1_PREDICTED_Ochotona_princeps_brain_d,0.001000204242120246,0,1,0.001099482853863884,1e-10,0.001099482853863884,0,0.00123765338926837,"[[0, 1]]",1,1,XM_004585440_1_PREDICTED_Ochotona_princeps_brain_d
XM_004644113_2_PREDICTED_Octodon_degus_brain_deriv,0.02476694253261739,0.1537618185345279,1,0.02453943148820033,0.006750631244447081,0.01778880024375327,0,0.02302111195627159,"[[0.1362050308334592, 1]]",1,1,XM_004644113_2_PREDICTED_Octodon_degus_brain_deriv
XM_004660846_2_PREDICTED_Jaculus_jaculus_brain_der,0.06899535954153685,0.08988517937123973,1,0.06756927798274694,0.01230529163268151,0.05526398635006546,0,0.06156140082465406,"[[0.07991809520948592, 1]]",1,1,XM_004660846_2_PREDICTED_Jaculus_jaculus_brain_der
XM_004682964_2_PREDICTED_Condylura_cristata_brain_,0.02061114035552696,0.02887838893173137,1,0.02041978138730288,0.00134840659789235,0.01907137478941052,0,0.01935422101664152,"[[0.02537665000691414, 1]]",1,1,XM_004682964_2_PREDICTED_Condylura_cristata_brain_
XM_004708253_2_PREDICTED_Echinops_telfairi_brain_d,0.05785916935133018,0.09524160741780702,1,0.05684808374367136,0.01082425789656394,0.04602382584710746,0,0.05232537776207125,"[[0.08441329161235116, 1]]",1,1,XM_004708253_2_PREDICTED_Echinops_telfairi_brain_d
XM_004851581_3_PREDICTED_Heterocephalus_glaber_bra,0.03016778225914003,0.05919485917616859,1,0.03028899172101264,0.003836194212200716,0.02645279750881193,0,0.02718613756064823,"[[0.05205043942248409, 1]]",1,1,XM_004851581_3_PREDICTED_Heterocephalus_glaber_bra
XM_005216334_4_PREDICTED_Bos_taurus_brain_derived_,0.001377268408202314,0,1,0.001383038466489697,1e-10,0.001383038466489697,0,0.001330183185330119,"[[0, 1]]",1,1,XM_005216334_4_PREDICTED_Bos_taurus_brain_derived_
XM_005401751_2_PREDICTED_Chinchilla_lanigera_brain,0.02403214710293242,0.05169365835888479,1,0.02438846697783783,0.00269164339975518,0.02169682357808265,0,0.02278083972213935,"[[0.04452631829969866, 1]]",1,1,XM_005401751_2_PREDICTED_Chinchilla_lanigera_brain
XM_005654684_3_PREDICTED_Sus_scrofa_brain_derived_,0.02430688522625322,0,1,0.02339904273414335,1e-10,0.02339904273414335,0,0.02100363987482152,"[[0, 1]]",1,1,XM_005654684_3_PREDICTED_Sus_scrofa_brain_derived_
XM_005690025_2_PREDICTED_Capra_hircus_brain_derive,0.00403917617786025,0.7977357551956551,1,0.004060834585254961,0.002677879545188779,0.001382955040066179,0,0.00399774988191662,"[[0.6949897485096561, 1]]",1,1,XM_005690025_2_PREDICTED_Capra_hircus_brain_derive
XM_006068006_2_PREDICTED_Bubalus_bubalis_brain_der,0.002769392847228629,0,1,0.002778076810099126,1e-10,0.002778076810099126,0,0.002667550451152944,"[[0, 1]]",1,1,XM_006068006_2_PREDICTED_Bubalus_bubalis_brain_der
XM_006195083_3_PREDICTED_Camelus_ferus_brain_deriv,0,1,1,0,1e-10,1e-10,0,0,"[[1, 1]]",1,1,XM_006195083_3_PREDICTED_Camelus_ferus_brain_deriv
XM_006753948_2_PREDICTED_Myotis_davidii_brain_deri,0.008228960102925105,0.4020062241994597,1,0.008227862392274698,0.004062442177478718,0.004165420214795971,0,0.008152176777469709,"[[0.350044931965992, 1]]",1,1,XM_006753948_2_PREDICTED_Myotis_davidii_brain_deri
XM_006864851_1_PREDICTED_Chrysochloris_asiatica_br,0.0187768750405471,0,1,0.01869410755395247,1e-10,0.01869410755395247,0,0.0171717778714154,"[[0, 1]]",1,1,XM_006864851_1_PREDICTED_Chrysochloris_asiatica_br
XM_006883713_1_PREDICTED_Elephantulus_edwardii_bra,0.01755766959009723,0.03444023427971452,1,0.01786187099613809,0.001349317413674331,0.01651255358246374,0,0.01643126565900584,"[[0.02932886843210172, 1]]",1,1,XM_006883713_1_PREDICTED_Elephantulus_edwardii_bra
XM_006907988_2_PREDICTED_Pteropus_alecto_brain_der,0.001294164947720698,0,1,0.001331096994171412,1e-10,0.001331096994171412,0,0.001345752865157653,"[[0, 1]]",1,1,XM_006907988_2_PREDICTED_Pteropus_alecto_brain_der
XM_007180991_1_PREDICTED_Balaenoptera_acutorostrat,0.003872741365545746,0.1590159339238714,1,0.004136945074766263,0.001342394120964185,0.002794550953802075,0,0.003736616334176764,"[[0.1724103886611366, 1]]",1,1,XM_007180991_1_PREDICTED_Balaenoptera_acutorostrat
XM_007461679_1_PREDICTED_Lipotes_vexillifer_brain_,0.004131593016699995,0.1977649803192778,1,0.0041405503945399,0.001342076990818269,0.002798473403721631,0,0.004037144608789198,"[[0.1721280579876538, 1]]",1,1,XM_007461679_1_PREDICTED_Lipotes_vexillifer_brain_
XM_007497196_2_PREDICTED_Monodelphis_domestica_bra,0.02366751482833635,0.0535425653789365,1,0.02451358217656823,0.003594254258292041,0.02091932791827619,3.073920869592257,0.02507132816430405,"[[0, 0.9950587557956418], [12.48016054895529, 0.004941244204358153]]",2,0.08042159068030574,XM_007497196_2_PREDICTED_Monodelphis_domestica_bra
XM_007653166_4_PREDICTED_Cricetulus_griseus_brain_,0.01780668034099319,0.1816784897652355,1,0.01766879375295834,0.005426523282427372,0.01224227047053096,0,0.01795977265020048,"[[0.1590944840388523, 1]]",1,1,XM_007653166_4_PREDICTED_Cricetulus_griseus_brain_
XM_007951952_1_PREDICTED_Orycteropus_afer_afer_bra,0.02506022069794585,0.1184700834908942,1,0.02482652329692822,0.005562258092352743,0.01926426520457549,0,0.02481671602556156,"[[0.103632054989097, 1]]",1,1,XM_007951952_1_PREDICTED_Orycteropus_afer_afer_bra
XM_008003703_2_PREDICTED_Chlorocebus_sabaeus_brain,0,1,1,0,1e-10,1e-10,0,0,"[[1, 1]]",1,1,XM_008003703_2_PREDICTED_Chlorocebus_sabaeus_brain
XM_008050727_1_PREDICTED_Carlito_syrichta_brain_de,0.05897769841585938,0.05384450667447712,1,0.05822149778302557,0.006790150830403743,0.05143134695262186,0,0.05401950914754421,"[[0.04738566121286823, 1]]",1,1,XM_008050727_1_PREDICTED_Carlito_syrichta_brain_de
XM_008148947_2_PREDICTED_Eptesicus_fuscus_brain_de,0,1,1,0,1e-10,1e-10,0,0,"[[1, 1]]",1,1,XM_008148947_2_PREDICTED_Eptesicus_fuscus_brain_de
XM_008584165_1_PREDICTED_Galeopterus_variegatus_br,0.01246143186140611,0.05019980482717339,1,0.01242987857292676,0.001347531118462998,0.01108234745446376,0,0.01299281664473069,"[[0.04364178074281129, 1]]",1,1,XM_008584165_1_PREDICTED_Galeopterus_variegatus_br
XM_009007854_3_PREDICTED_Callithrix_jacchus_brain_,0.006721287047520133,0.1038097893847759,1,0.0066754775508896,0.001349612688715512,0.005325864862174086,0,0.006773500453074566,"[[0.09095245628749318, 1]]",1,1,XM_009007854_3_PREDICTED_Callithrix_jacchus_brain_
XM_010374529_2_PREDICTED_Rhinopithecus_roxellana_b,0,1,1,0,1e-10,1e-10,0,0,"[[1, 1]]",1,1,XM_010374529_2_PREDICTED_Rhinopithecus_roxellana_b
XM_010831788_1_PREDICTED_Bison_bison_bison_brain_d,0,1,1,0,1e-10,1e-10,0,0,"[[1, 1]]",1,1,XM_010831788_1_PREDICTED_Bison_bison_bison_brain_d
XM_010964743_1_PREDICTED_Camelus_bactrianus_brain_,0,1,1,0,1e-10,1e-10,0,0,"[[1, 1]]",1,1,XM_010964743_1_PREDICTED_Camelus_bactrianus_brain_
XM_011226480_3_PREDICTED_Ailuropoda_melanoleuca_br,0.003291144747853797,0,1,0.003287693001046916,1e-10,0.003287693001046916,0,0.003109709700895689,"[[0, 1]]",1,1,XM_011226480_3_PREDICTED_Ailuropoda_melanoleuca_br
XM_011362565_2_PREDICTED_Pteropus_vampyrus_brain_d,0,1,1,0,1e-10,1e-10,0,0,"[[1, 1]]",1,1,XM_011362565_2_PREDICTED_Pteropus_vampyrus_brain_d
XM_011936307_1_PREDICTED_Colobus_angolensis_pallia,0.001327307601171673,0,1,0.001318593510562681,1e-10,0.001318593510562681,0,0.001353298285671474,"[[0, 1]]",1,1,XM_011936307_1_PREDICTED_Colobus_angolensis_pallia
XM_011964715_1_PREDICTED_Mandrillus_leucophaeus_br,0,1,1,0,1e-10,1e-10,0,0,"[[1, 1]]",1,1,XM_011964715_1_PREDICTED_Mandrillus_leucophaeus_br
XM_012031697_1_PREDICTED_Cercocebus_atys_brain_der,0.001321885368078893,0,1,0.001314292717150537,1e-10,0.001314292717150537,0,0.001353370518981302,"[[0, 1]]",1,1,XM_012031697_1_PREDICTED_Cercocebus_atys_brain_der
XM_012096129_4_PREDICTED_Ovis_aries_brain_derived_,0,1,1,0,1e-10,1e-10,0,0,"[[1, 1]]",1,1,XM_012096129_4_PREDICTED_Ovis_aries_brain_derived_
XM_012452238_1_PREDICTED_Aotus_nancymaae_brain_der,0.002851787496169185,0.3718758537832083,1,0.002878151721671687,0.001349713016223351,0.001528438705448333,0,0.00310008932470674,"[[0.316948595129639, 1]]",1,1,XM_012452238_1_PREDICTED_Aotus_nancymaae_brain_der
XM_012523604_2_PREDICTED_Dasypus_novemcinctus_brai,0.01747880950580503,0.07584406759772964,1,0.01741164781601714,0.002711468927780727,0.01470017888823641,0,0.01727541479282947,"[[0.066202964058784, 1]]",1,1,XM_012523604_2_PREDICTED_Dasypus_novemcinctus_brai
XM_012649556_1_PREDICTED_Propithecus_coquereli_bra,0.00921477092173284,0.1714467567583634,1,0.009143233602495573,0.002699351252906414,0.006443882349589157,0,0.009373317173815884,"[[0.1503513113014313, 1]]",1,1,XM_012649556_1_PREDICTED_Propithecus_coquereli_bra
XM_012814047_1_PREDICTED_Otolemur_garnettii_brain_,0.0237848634322707,0.08481747537951045,1,0.02318137116071064,0.004049925955936807,0.01913144520477386,0,0.02405144725085107,"[[0.0759792018346567, 1]]",1,1,XM_012814047_1_PREDICTED_Otolemur_garnettii_brain_
XM_013019592_1_PREDICTED_Dipodomys_ordii_brain_der,0.05342871020868065,0.09006889277321062,1,0.05333724796676462,0.009571008562751197,0.04376623940401345,0,0.04906574403108838,"[[0.07848992157521525, 1]]",1,1,XM_013019592_1_PREDICTED_Dipodomys_ordii_brain_der
XM_013147262_2_PREDICTED_Cavia_porcellus_brain_der,0.04144378094128679,0.05662453966436905,1,0.04114107904186725,0.005035460558549678,0.03610561848331755,0,0.03679777448339457,"[[0.05005642528878995, 1]]",1,1,XM_013147262_2_PREDICTED_Cavia_porcellus_brain_der
XM_014545223_1_PREDICTED_Myotis_brandtii_brain_der,0,1,1,0,1e-10,1e-10,0,0,"[[1, 1]]",1,1,XM_014545223_1_PREDICTED_Myotis_brandtii_brain_der
XM_014591303_2_PREDICTED_Tupaia_chinensis_brain_de,0.05747181889947604,0.1146749098033377,1,0.05641814698066522,0.01244111559749094,0.04397703138317428,0,0.05367429006683734,"[[0.1015380544951197, 1]]",1,1,XM_014591303_2_PREDICTED_Tupaia_chinensis_brain_de
XM_014831462_1_PREDICTED_Equus_asinus_brain_derive,0.001380411491831138,0,1,0.001385332361531826,1e-10,0.001385332361531826,0,0.001350377263183275,"[[0, 1]]",1,1,XM_014831462_1_PREDICTED_Equus_asinus_brain_derive
XM_015114598_2_PREDICTED_Macaca_mulatta_brain_deri,0,1,1,0,1e-10,1e-10,0,0,"[[1, 1]]",1,1,XM_015114598_2_PREDICTED_Macaca_mulatta_brain_deri
XM_015476449_1_PREDICTED_Marmota_marmota_marmota_b,0.001327575450336977,0,1,0.001336783590242534,1e-10,0.001336783590242534,0,0.001348051409087031,"[[0, 1]]",1,1,XM_015476449_1_PREDICTED_Marmota_marmota_marmota_b
XM_015544869_1_PREDICTED_Panthera_tigris_altaica_b,0.00286338642096617,0,1,0.002861321534695111,1e-10,0.002861321534695111,0,0.002965830383293811,"[[0, 1]]",1,1,XM_015544869_1_PREDICTED_Panthera_tigris_altaica_b
XM_016194241_1_PREDICTED_Erinaceus_europaeus_brain,0.05043710789581082,0.5152464628092526,1,0.05017632008216314,0.02785925583206718,0.0223170642500959,0,0.05038415051996969,"[[0.4480514320790893, 1]]",1,1,XM_016194241_1_PREDICTED_Erinaceus_europaeus_brain
XM_016206154_1_PREDICTED_Miniopterus_natalensis_br,0.08797220379895743,0.08511674987855467,1,0.08627856779206068,0.01504913406127757,0.07122943373078304,0,0.07396052595035021,"[[0.07583111491313299, 1]]",1,1,XM_016206154_1_PREDICTED_Miniopterus_natalensis_br
XM_017538722_1_PREDICTED_Cebus_imitator_brain_deri,0.001324806779515522,0,1,0.001314375378751768,1e-10,0.001314375378751768,0,0.001347213729998257,"[[0, 1]]",1,1,XM_017538722_1_PREDICTED_Cebus_imitator_brain_deri
XM_017667612_2_PREDICTED_Manis_javanica_brain_deri,0.002578976847052429,0.4522797607680858,1,0.002878338255420622,0.001348400469002922,0.001529937786417701,0,0.003045526323999775,"[[0.3163301198966285, 1]]",1,1,XM_017667612_2_PREDICTED_Manis_javanica_brain_deri
XM_017858805_1_PREDICTED_Rhinopithecus_bieti_brain,0.001329106194666844,0,1,0.001321067314577836,1e-10,0.001321067314577836,0,0.001353636125596001,"[[0, 1]]",1,1,XM_017858805_1_PREDICTED_Rhinopithecus_bieti_brain
XM_019650718_1_PREDICTED_Hipposideros_armiger_brai,0.02620631000044658,0.02234892945777008,1,0.02590436709862,0.00134515003172983,0.02455921706689018,0,0.02450181783428357,"[[0.01965855675123026, 1]]",1,1,XM_019650718_1_PREDICTED_Hipposideros_armiger_brai
XM_020177315_1_PREDICTED_Castor_canadensis_brain_d,0.02764374190962497,0.101156725356371,1,0.02748052776660602,0.005430822550146219,0.02204970521645982,0,0.02719558352115032,"[[0.08840121761533992, 1]]",1,1,XM_020177315_1_PREDICTED_Castor_canadensis_brain_d
XM_020286534_1_PREDICTED_Microcebus_murinus_brain_,0.003152799038991552,0,1,0.003182429351827748,1e-10,0.003182429351827748,0,0.002904289515950515,"[[0, 1]]",1,1,XM_020286534_1_PREDICTED_Microcebus_murinus_brain_
XM_020903256_1_PREDICTED_Odocoileus_virginianus_te,0.02809704157026324,0.04312467711976138,1,0.02806782670355669,0.002673427919770106,0.02539439878378658,0,0.02579042450640853,"[[0.03778556895559513, 1]]",1,1,XM_020903256_1_PREDICTED_Odocoileus_virginianus_te
XM_020977976_1_PREDICTED_Phascolarctos_cinereus_br,0.03725721283847693,0.03251462924756963,1,0.03763071133892904,0.002718521314191953,0.03491219002473708,0,0.03467299413591,"[[0.02794802169089148, 1]]",1,1,XM_020977976_1_PREDICTED_Phascolarctos_cinereus_br
XM_021151236_2_PREDICTED_Mus_caroli_brain_derived_,0.002658619301490557,0,1,0.002648372184829061,1e-10,0.002648372184829061,0,0.002689756738038107,"[[0, 1]]",1,1,XM_021151236_2_PREDICTED_Mus_caroli_brain_derived_
XM_021192829_2_PREDICTED_Mus_pahari_brain_derived_,0.003240604937823778,0,1,0.00327668912034562,1e-10,0.00327668912034562,0,0.003311122564336238,"[[0, 1]]",1,1,XM_021192829_2_PREDICTED_Mus_pahari_brain_derived_
XM_021685880_1_PREDICTED_Neomonachus_schauinslandi,0,1,1,0,1e-10,1e-10,0,0,"[[1, 1]]",1,1,XM_021685880_1_PREDICTED_Neomonachus_schauinslandi
XM_022583733_1_PREDICTED_Delphinapterus_leucas_bra,0,1,1,0,1e-10,1e-10,0,0,"[[1, 1]]",1,1,XM_022583733_1_PREDICTED_Delphinapterus_leucas_bra
XM_023756374_1_PREDICTED_Myotis_lucifugus_brain_de,0,1,1,0,1e-10,1e-10,0,0,"[[1, 1]]",1,1,XM_023756374_1_PREDICTED_Myotis_lucifugus_brain_de
XM_024558903_1_PREDICTED_Desmodus_rotundus_brain_d,0.005701255716903594,0.128341575196015,1,0.005775878973679705,0.00135210403810403,0.004423774935575684,0,0.005505560392333332,"[[0.1097014854177592, 1]]",1,1,XM_024558903_1_PREDICTED_Desmodus_rotundus_brain_d
XM_024764694_1_PREDICTED_Neophocaena_asiaeoriental,0,1,1,0,1e-10,1e-10,0,0,"[[1, 1]]",1,1,XM_024764694_1_PREDICTED_Neophocaena_asiaeoriental
XM_025879326_1_PREDICTED_Callorhinus_ursinus_brain,0.002695705209757747,0,1,0.002716284969756752,1e-10,0.002716284969756752,0,0.002708693866240171,"[[0, 1]]",1,1,XM_025879326_1_PREDICTED_Callorhinus_ursinus_brain
XM_026412272_1_PREDICTED_Urocitellus_parryii_brain,0.001240252726230328,0,1,0.001285256060198255,1e-10,0.001285256060198255,0,0.001355363408865401,"[[0, 1]]",1,1,XM_026412272_1_PREDICTED_Urocitellus_parryii_brain
XM_026512203_1_PREDICTED_Ursus_arctos_horribilis_b,0.004902571559208984,0.1566479595179328,1,0.004930239310190581,0.001348412285945646,0.003581827024244939,0,0.005034571720068723,"[[0.1351180951651766, 1]]",1,1,XM_026512203_1_PREDICTED_Ursus_arctos_horribilis_b
XM_027115138_1_PREDICTED_Lagenorhynchus_obliquiden,0.002801647812690483,0,1,0.002810576571658901,1e-10,0.002810576571658901,0,0.00268918188010408,"[[0, 1]]",1,1,XM_027115138_1_PREDICTED_Lagenorhynchus_obliquiden
XM_027577807_1_PREDICTED_Zalophus_californianus_br,0.00133670765481674,0,1,0.001343584911276113,1e-10,0.001343584911276113,0,0.001351857619188046,"[[0, 1]]",1,1,XM_027577807_1_PREDICTED_Zalophus_californianus_br
XM_027852578_1_PREDICTED_Vombatus_ursinus_brain_de,0.01412437614558567,0.04358713957937692,1,0.01420912176679159,0.001347408660083432,0.01286171310670817,0,0.0142114444668639,"[[0.03760070071349472, 1]]",1,1,XM_027852578_1_PREDICTED_Vombatus_ursinus_brain_de
XM_027936596_1_PREDICTED_Marmota_flaviventris_brai,0,1,1,0,1e-10,1e-10,0,0,"[[1, 1]]",1,1,XM_027936596_1_PREDICTED_Marmota_flaviventris_brai
XM_028117708_1_PREDICTED_Eumetopias_jubatus_brain_,0,1,1,0,1e-10,1e-10,0,0,"[[1, 1]]",1,1,XM_028117708_1_PREDICTED_Eumetopias_jubatus_brain_
XM_028501134_1_PREDICTED_Physeter_catodon_brain_de,0.01729353527988597,0.3977468504264861,0.0001666198599379332,1.469983225565171,1.464130816901448,0.00585240866372269,26.1360167607163,0.01682938938385288,"[[0.148285201122775, 0.9901379757552453], [9090.000000003736, 0.009862024244754686]]",2,6.971542256817287e-07,XM_028501134_1_PREDICTED_Physeter_catodon_brain_de
XM_028517638_2_PREDICTED_Phyllostomus_discolor_bra,0.003003838053479296,0,1,0.003070039350416844,1e-10,0.003070039350416844,0,0.003356254929557441,"[[0, 1]]",1,1,XM_028517638_2_PREDICTED_Phyllostomus_discolor_bra
XM_029059317_2_PREDICTED_Ornithorhynchus_anatinus_,0.02065340389550935,0,1,0.0190250276986866,1e-10,0.0190250276986866,0,0.01697539501565821,"[[0, 1]]",1,1,XM_029059317_2_PREDICTED_Ornithorhynchus_anatinus_
XM_029207934_1_PREDICTED_Monodon_monoceros_brain_d,0.001394308361434694,0,1,0.001398386854047737,1e-10,0.001398386854047737,0,0.001343155023774023,"[[0, 1]]",1,1,XM_029207934_1_PREDICTED_Monodon_monoceros_brain_d
XM_029555090_1_PREDICTED_Nannospalax_galili_brain_,0.01456229848015144,0.04235119306095306,1,0.01468501096114445,0.001349467950221446,0.01333554301092301,0,0.0138506440360589,"[[0.0363201214529144, 1]]",1,1,XM_029555090_1_PREDICTED_Nannospalax_galili_brain_
XM_029957152_1_PREDICTED_Suricata_suricatta_brain_,0.008247591705040877,0,1,0.008236921561244325,1e-10,0.008236921561244325,0,0.007923925409434502,"[[0, 1]]",1,1,XM_029957152_1_PREDICTED_Suricata_suricatta_brain_
XM_030333208_1_PREDICTED_Lynx_canadensis_brain_der,0.001355671498123175,0,1,0.001353532236714128,1e-10,0.001353532236714128,0,0.001349266211316857,"[[0, 1]]",1,1,XM_030333208_1_PREDICTED_Lynx_canadensis_brain_der
XM_031025064_1_PREDICTED_Leptonychotes_weddellii_b,0.001345343402382429,0,1,0.001353849640333811,1e-10,0.001353849640333811,0,0.001352329650889608,"[[0, 1]]",1,1,XM_031025064_1_PREDICTED_Leptonychotes_weddellii_b
XM_031371313_1_PREDICTED_Mastomys_coucha_brain_der,0.01005228540995104,0.0636522458274699,1,0.009924877349841685,0.001342423243398036,0.008582454106443649,0,0.01005389799898159,"[[0.05614012759902039, 1]]",1,1,XM_031371313_1_PREDICTED_Mastomys_coucha_brain_der
XM_031459858_1_PREDICTED_Camelus_dromedarius_brain,0.001390997469412419,0,1,0.001390629333433323,1e-10,0.001390629333433323,0,0.001349823934434061,"[[0, 1]]",1,1,XM_031459858_1_PREDICTED_Camelus_dromedarius_brain
XM_031681074_1_PREDICTED_Vicugna_pacos_brain_deriv,0.00709394141722515,0,1,0.00707734998488403,1e-10,0.00707734998488403,0,0.006774837210982855,"[[0, 1]]",1,1,XM_031681074_1_PREDICTED_Vicugna_pacos_brain_deriv
XM_031944159_1_PREDICTED_Sarcophilus_harrisii_brai,0.04171620792540696,0.06187151093175616,1,0.04176253002186613,0.005427007114281467,0.03633552290758464,0,0.03544077772956671,"[[0.05360735732252726, 1]]",1,1,XM_031944159_1_PREDICTED_Sarcophilus_harrisii_brai
XM_032166370_1_PREDICTED_Hylobates_moloch_brain_de,0.001357579466863082,10000000000,1,0.001352412331876376,0.001352412331876376,1e-10,0.6294650529271166,0.001353591423642474,"[[10000000000, 1]]",1,0.3045055506590121,XM_032166370_1_PREDICTED_Hylobates_moloch_brain_de
XM_032283691_1_PREDICTED_Sapajus_apella_brain_deri,0,1,1,0,1e-10,1e-10,0,0,"[[1, 1]]",1,1,XM_032283691_1_PREDICTED_Sapajus_apella_brain_deri
XM_032641481_1_PREDICTED_Phocoena_sinus_brain_deri,0.00282215349503143,0.3919860610110039,1,0.07120813340665703,0.0711493991424683,5.873426418872768e-05,7.867243869746744,0.002765004265482064,"[[0, 0.9956521442548156], [100000, 0.00434785574518437]]",2,0.006878562354862228,XM_032641481_1_PREDICTED_Phocoena_sinus_brain_deri
XM_032903861_1_PREDICTED_Rattus_rattus_brain_deriv,0.003976315367537735,0,1,0.003985632532845269,1e-10,0.003985632532845269,0,0.004024673070109214,"[[0, 1]]",1,1,XM_032903861_1_PREDICTED_Rattus_rattus_brain_deriv
XM_033118944_1_PREDICTED_Rhinolophus_ferrumequinum,0.01264768604148041,0.04921113780179447,1,0.01242528772712436,0.001345393909591441,0.01107989381753293,0,0.0124073293961575,"[[0.04358221320698286, 1]]",1,1,XM_033118944_1_PREDICTED_Rhinolophus_ferrumequinum
XM_033205475_1_PREDICTED_Trachypithecus_francoisi_,0.002674885224559526,0,1,0.002659181499293351,1e-10,0.002659181499293351,0,0.002712080282563946,"[[0, 1]]",1,1,XM_033205475_1_PREDICTED_Trachypithecus_francoisi_
XM_033764060_1_PREDICTED_Fukomys_damarensis_brain_,0.06863396766838768,0.1300294754702271,1,0.06795822941770047,0.01652378883781469,0.0514344405798858,0,0.05856405147731611,"[[0.1153057693177049, 1]]",1,1,XM_033764060_1_PREDICTED_Fukomys_damarensis_brain_
XM_034932318_1_PREDICTED_Pan_paniscus_brain_derive,0.001335999505437601,0,1,0.001328180339807554,1e-10,0.001328180339807554,0,0.001353651570799005,"[[0, 1]]",1,1,XM_034932318_1_PREDICTED_Pan_paniscus_brain_derive
XM_035012477_1_PREDICTED_Mirounga_leonina_brain_de,0.006817201690868194,0.1018197414986072,1,0.006848066985809532,0.001346442957530415,0.005501624028279111,0,0.006786470744434956,"[[0.08784002951295668, 1]]",1,1,XM_035012477_1_PREDICTED_Mirounga_leonina_brain_de
XM_036109493_1_PREDICTED_Halichoerus_grypus_brain_,0.001346225783884366,0,1,0.001355705232837015,1e-10,0.001355705232837015,0,0.001352421686072719,"[[0, 1]]",1,1,XM_036109493_1_PREDICTED_Halichoerus_grypus_brain_
XM_036258707_1_PREDICTED_Molossus_molossus_brain_d,0.007214971401386626,0,1,0.006841767216059456,1e-10,0.006841767216059456,0,0.007570592448153593,"[[0, 1]]",1,1,XM_036258707_1_PREDICTED_Molossus_molossus_brain_d
XM_036325692_1_PREDICTED_Myotis_myotis_brain_deriv,0.004128973214056852,0,1,0.004143466978814445,1e-10,0.004143466978814445,0,0.004053628643081938,"[[0, 1]]",1,1,XM_036325692_1_PREDICTED_Myotis_myotis_brain_deriv
XM_036427676_1_PREDICTED_Pipistrellus_kuhlii_brain,0.02442459012690654,0.08964508778244434,1,0.02418760494536766,0.004398200018649111,0.01978940492671855,0,0.02205630971018068,"[[0.07976964568401526, 1]]",1,1,XM_036427676_1_PREDICTED_Pipistrellus_kuhlii_brain
XM_036763631_1_PREDICTED_Trichosurus_vulpecula_bra,0.0238273810804511,0,1,0.02369506266599201,1e-10,0.02369506266599201,0,0.02171006496504934,"[[0, 1]]",1,1,XM_036763631_1_PREDICTED_Trichosurus_vulpecula_bra
XM_036862552_1_PREDICTED_Balaenoptera_musculus_bra,0.001252822342047549,10000000000,1,0.001344260284872067,0.001344260284872067,1e-10,0.5879803733878362,0.0005665479305591568,"[[10000000000, 1]]",1,0.3122253735686373,XM_036862552_1_PREDICTED_Balaenoptera_musculus_bra
XM_036879079_1_PREDICTED_Manis_pentadactyla_brain_,0.007271498423930134,0,1,0.006937516264885274,1e-10,0.006937516264885274,0,0.00648200782210135,"[[0, 1]]",1,1,XM_036879079_1_PREDICTED_Manis_pentadactyla_brain_
XM_037040421_1_PREDICTED_Sturnira_hondurensis_brai,0.0180382279372122,0.3404150138302693,1,0.01937828383661076,0.0095388673403842,0.009839416496226557,2.175696232487098,0.01787414463498152,"[[0, 0.9526307597605373], [7.345586335650663, 0.04736924023946265]]",2,0.1291234418175994,XM_037040421_1_PREDICTED_Sturnira_hondurensis_brai
XM_037146035_1_PREDICTED_Artibeus_jamaicensis_brai,0.01144993236809062,0,1,0.01147718809846961,1e-10,0.01147718809846961,0,0.01100872898996939,"[[0, 1]]",1,1,XM_037146035_1_PREDICTED_Artibeus_jamaicensis_brai
XM_037204438_1_PREDICTED_Peromyscus_leucopus_brain,0.01107146880168103,0.05726240027576768,1,0.01098412136415723,0.001347863825672886,0.009636257538484336,0,0.01094697421305272,"[[0.05020338969231361, 1]]",1,1,XM_037204438_1_PREDICTED_Peromyscus_leucopus_brain
XM_037522538_1_PREDICTED_Talpa_occidentalis_brain_,0.01167644128615003,0.1247881184415941,1,0.01172730371751505,0.002716452209835307,0.009010851507679758,0,0.01147094787179961,"[[0.1082010955509134, 1]]",1,1,XM_037522538_1_PREDICTED_Talpa_occidentalis_brain_
XM_037839114_1_PREDICTED_Choloepus_didactylus_brai,0.01862800314323831,0.03220161781723892,1,0.01837065387212843,0.001345658832952013,0.01702499503917642,0,0.01732380171853433,"[[0.02836895866094787, 1]]",1,1,XM_037839114_1_PREDICTED_Choloepus_didactylus_brai
XM_038429434_1_PREDICTED_Canis_lupus_familiaris_br,0,1,1,0,1e-10,1e-10,0,0,"[[1, 1]]",1,1,XM_038429434_1_PREDICTED_Canis_lupus_familiaris_br
XM_038764545_1_PREDICTED_Tachyglossus_aculeatus_br,0.009979598619766416,0.0646305661651019,1,0.01151270247491631,0.001353918927489908,0.01015878354742642,0,0.01196064409279403,"[[0.04783506569077597, 1]]",1,1,XM_038764545_1_PREDICTED_Tachyglossus_aculeatus_br
XM_039217098_1_PREDICTED_Hyaena_hyaena_brain_deriv,0.006775520769070258,0.2743862803032351,1,0.006765616739825266,0.002697473448667477,0.004068143291157781,0,0.006789412450126123,"[[0.2379887122490185, 1]]",1,1,XM_039217098_1_PREDICTED_Hyaena_hyaena_brain_deriv
XM_039866065_1_PREDICTED_Pteropus_giganteus_brain_,0.001347499716194355,10000000000,1,0.001346465259212537,0.001346465259212537,1e-10,0.6137680282190559,0.00135119725691015,"[[10000000000, 1]]",1,0.3073952989043441,XM_039866065_1_PREDICTED_Pteropus_giganteus_brain_
XM_040258919_1_PREDICTED_Oryx_dammah_brain_derived,0.004109630900791482,0.1974626528706513,1,0.004125948896920475,0.001336375156925707,0.002789573739994767,0,0.004004580626678235,"[[0.1719435818299737, 1]]",1,1,XM_040258919_1_PREDICTED_Oryx_dammah_brain_derived
XM_040284582_1_PREDICTED_Ictidomys_tridecemlineatu,0.001338789014815432,0,1,0.001349974898245568,1e-10,0.001349974898245568,0,0.001369099422406934,"[[0, 1]]",1,1,XM_040284582_1_PREDICTED_Ictidomys_tridecemlineatu
XM_040980297_1_PREDICTED_Ochotona_curzoniae_brain_,0.004315850394169651,0.1893820491075776,1,0.004224551550900479,0.001354069022622791,0.002870482528277696,0,0.004183002154125554,"[[0.1693094960200709, 1]]",1,1,XM_040980297_1_PREDICTED_Ochotona_curzoniae_brain_
XM_041730708_1_PREDICTED_Vulpes_lagopus_brain_deri,0.001383254357507573,0,1,0.001389932696740824,1e-10,0.001389932696740824,0,0.00135047280507367,"[[0, 1]]",1,1,XM_041730708_1_PREDICTED_Vulpes_lagopus_brain_deri
