alpha;,&beta;<sup>-</sup>,p<sup>-</sup>,&beta;<sup>+</sup>,p<sup>+</sup>,LRT,p-value,# branches under selection,Total branch length,MEME LogL,FEL LogL,omega,Site,HumanBDNF
0,0,1,0,0,0,1,0,0,0,0,,1,1
0,0,1,0,0,0,1,0,0,0,0,,2,2
0,0,1,0,0,0,1,0,0,0,0,,3,3
0.110159729,0.06399142,1,0.237328821,0,0,0.666666667,0,0,-15.83068184,-15.83068184,2.154406352,4,4
0,0,0.01,0.056409674,0.99,0.367854878,0.468318024,1,0,-11.39796362,-11.39795437,inf,5,5
0.221000857,0,1,0.426468519,0,0,0.666666667,0,0,-22.55085465,-22.55085465,1.929714322,6,6
0,0,1,0,0,0,1,0,0,0,0,,7,7
0,0,1,0,0,0,1,0,0,0,0,,8,8
0.111648254,0,1,0.239846721,0,0,0.666666667,0,0,-10.38363398,-10.38363398,2.148235307,9,9
0.160134537,0,1,0.322190988,0,0,0.666666667,0,0,-10.4694149,-10.4694149,2.012001871,10,10
0.198501873,0,1,0.387804145,0,0,0.666666667,0,0,-14.55380836,-14.55380836,1.953654846,11,11
0,0,1,0,0,0,1,0,0,0,0,,12,12
2.077154233,0,1,3.11573135,0,0,0.666666667,0,0,-30.57207595,-30.57207595,1.5,13,13
0,0,1.00E-08,0.208821654,0.99999999,3.088085452,0.101949527,2,0,-26.26935993,-26.26976735,inf,14,14
0,0,1,0,0,0,1,0,0,0,0,,15,15
0,0,1,0,0,0,1,0,0,0,0,,16,16
0.268838223,0.053242326,1,0.403257334,0,0,0.666666667,0,0,-15.589225,-15.589225,1.5,17,17
0.34375487,0,1,0.515632305,0,0,0.666666667,0,0,-20.03163601,-20.03163601,1.5,18,18
0.433586616,0,1,0.650379924,0,0,0.666666667,0,0,-19.10604753,-19.10604753,1.5,19,19
0.731046273,0,1,1.096569409,0,0,0.666666667,0,0,-32.02396047,-32.02396047,1.5,20,20
0,0,1,0,0,0,1,0,0,0,0,,21,21
0.766169087,0,1,1.40802663,0,0,0.666666667,0,0,-22.71753062,-22.71753062,1.837749203,22,22
0.142762277,0.053365116,1,0.292614378,0,0,0.666666667,0,0,-20.37750629,-20.37750629,2.049661741,23,23
1.78862159,0.468026699,1,2.682932385,0,0,0.666666667,0,0,-96.66623862,-96.66623862,1.5,24,24
1.477750304,0.396415209,1,2.216625457,0,0,0.666666667,0,0,-60.62781331,-60.62781331,1.5,25,25
0.142544763,0.002317856,0.018790439,1.122280247,0.981209561,6.892642215,0.014279505,9,0,-86.53489288,-86.53191868,7.873177674,26,26
0.245863379,0.076539032,0.990213939,28.90926719,0.009786061,4.303856686,0.05403639,1,0,-39.24774227,-37.01203504,117.582648,27,27
0,0,1,0,0,0,1,0,0,0,0,,28,
0.417631495,0.058758452,1,0.682067618,0,0,0.666666667,0,0,-34.68171547,-34.68057116,1.633180511,29,28
0,0,1.00E-08,0.379836484,0.99999999,4.629585116,0.045649329,6,0,-35.88017881,-35.87514985,inf,30,29
0.277005149,0,1,0.415507723,0,0,0.666666667,0,0,-14.79436879,-14.79436879,1.5,31,30
0.258464767,0.012987855,0.01,0.426339043,0.99,0.247461942,0.509653463,0,0,-51.33799934,-51.3386481,1.649505451,32,31
0.303447577,0.247373983,1,0.455171366,0,0,0.666666667,0,0,-35.2302547,-35.2302547,1.5,33,32
1.044376792,0.107098145,1,1.638491597,0,0,0.666666667,0,0,-49.25389666,-49.24881904,1.568870172,34,33
0,0,1,0,0,0,1,0,0,0,0,,35,
0.294981818,0.067901371,1,0.554595831,0,0,0.666666667,0,0,-17.86380092,-17.86380092,1.880101747,36,34
0.806782689,0,1,1.210174034,0,0,0.666666667,0,0,-33.02025155,-33.02025155,1.5,37,35
0.715729621,0,0.931242293,8.069384526,0.068757707,3.798251734,0.070281625,5,0,-69.21574242,-66.27931129,11.27434759,38,36
0.438321219,0.035865895,1.00E-08,0.529892042,0.99999999,0.048575848,0.605536432,0,0,-61.48589026,-61.48646545,1.208912596,39,37
0.412821806,0,1,0.761877166,0,0,0.666666667,0,0,-28.23891265,-28.23891265,1.845535179,40,38
0,0,0.5,0.110180094,0.5,0.690192653,0.381485441,1,0,-13.00476017,-12.99843978,inf,41,39
1.235900209,0.049735561,1,1.853850314,0,0,0.666666667,0,0,-34.4755381,-34.4755381,1.5,42,40
0.154782247,0,1,0.313069856,0,0,0.666666667,0,0,-9.733233311,-9.733233311,2.022647054,43,41
0.342410878,0.05363821,1,0.609286513,0,0,0.666666667,0,0,-23.07444059,-23.07250632,1.779401743,44,42
0.094828566,0,1,0.211430224,0,0,0.666666667,0,0,-11.24802127,-11.24802127,2.229604788,45,43
0,0,1.00E-08,0.158769364,0.99999999,1.050161506,0.308527087,1,0,-22.79549549,-22.79621091,inf,46,44
1.818650233,0.138822424,1,2.727975349,0,0,0.666666667,0,0,-45.55216015,-45.55216015,1.5,47,45
0.728726478,0.056630467,1.00E-08,1.023860401,0.99999999,0.420532446,0.452136554,0,0,-89.31614715,-89.31640626,1.404999588,48,46
1.314663782,0.374286773,1,1.971995673,0,0,0.666666667,0,0,-60.2309063,-60.2309063,1.5,49,47
0.285315538,0.053787506,1,0.427973306,0,0,0.666666667,0,0,-22.69219462,-22.69219462,1.5,50,48
0.140622496,0,1,0.210933744,0,0,0.666666667,0,0,-10.40731037,-10.40731037,1.5,51,49
0.257425882,0.057359134,0.701087165,0.924808506,0.298912835,0.564673402,0.412188922,1,0,-38.53368658,-38.26724224,3.592523404,52,50
1.545624037,0.463852258,1,2.978567078,0,0,0.666666667,0,0,-88.65406673,-88.65406673,1.927096762,53,51
1.545486361,0,0.955197659,6.800945762,0.044802341,1.817867039,0.201019917,3,0,-76.97489738,-73.89970145,4.400521373,54,52
3.661562705,0.547733097,1,6.815422822,0,0,0.666666667,0,0,-120.0136754,-120.0133273,1.861342648,55,53
1.50198972,0.054097744,1,2.88485291,0,0,0.666666667,0,0,-57.19392827,-57.19392827,1.92068752,56,54
0.551546833,0.278762448,1,0.827320249,0,0,0.666666667,0,0,-52.83704421,-52.83704421,1.5,57,55
0.398922995,0.087378454,1,0.598384493,0,0,0.666666667,0,0,-37.62936922,-37.62936922,1.5,58,56
10.86995054,0.841647692,1,16.30492581,0,0,0.666666667,0,0,-10.93732524,-10.93732524,1.5,59,
4.381095621,0.366603151,1,6.571643431,0,0,0.666666667,0,0,-110.0279519,-110.0279519,1.5,60,57
0,0,1,0,0,0,1,0,0,0,0,,61,
425.6666667,3.990253411,1,0.99687744,0,0,0.666666667,0,0,-7.998626798,-7.998626798,0.00234192,62,
0,0,1.00E-08,3.913530935,0.99999999,0.976934377,0.321861307,0,0,-6.775260046,-6.77682804,inf,63,
7.421052632,0,1,11.13157895,0,0,0.666666667,0,0,-7.014085953,-7.014085953,1.5,64,
159,0,1,238.5,0,0,0.666666667,0,0,-7.641969557,-7.641969557,1.5,65,
2.922620188,0,1,4.383930282,0,0,0.666666667,0,0,-8.808759986,-8.808759986,1.5,66,
11.22960364,0,1,16.84440546,0,0,0.666666667,0,0,-13.36280204,-13.36280204,1.5,67,
4.189586193,0.486559766,1,6.28437929,0,0,0.666666667,0,0,-40.05968283,-40.05968283,1.5,68,
3.28462037,0.398626284,1,4.926930555,0,0,0.666666667,0,0,-111.0207158,-111.0207158,1.5,69,58
0.934470748,0,1,1.729476094,0,0,0.666666667,0,0,-32.70665318,-32.70665318,1.850754663,70,59
1.098602554,0,1,1.647903831,0,0,0.666666667,0,0,-39.89779992,-39.89779992,1.5,71,60
0.28345863,0.097424031,1,0.514408903,0,0,0.666666667,0,0,-18.44936177,-18.44918251,1.814758303,72,61
1.085619359,0,1,2.026127049,0,0,0.666666667,0,0,-40.70286579,-40.70286579,1.866332829,73,62
2.919299349,0.058874483,1,6.357814473,0,0,0.666666667,0,0,-50.17545788,-50.17545788,2.177856298,74,63
0.825670426,0,1,1.238505639,0,0,0.666666667,0,0,-23.69625664,-23.69625664,1.5,75,64
5.717317829,0,1,8.575976743,0,0,0.666666667,0,0,-49.55382262,-49.55382262,1.5,76,65
0.630360329,0.062477341,1,1.155191069,0,0,0.666666667,0,0,-31.96102315,-31.96102315,1.832588466,77,66
2.182315823,0.04885391,1,4.434733218,0,0,0.666666667,0,0,-44.06611692,-44.06611692,2.03212256,78,67
1.837974626,0,1,3.625935031,0,0,0.666666667,0,0,-33.69318396,-33.69318396,1.972788405,79,68
0.282454815,0.055091001,1,0.532792708,0,0,0.666666667,0,0,-17.70636246,-17.70636246,1.886293597,80,69
1.306027345,0,1,2.472857391,0,0,0.666666667,0,0,-56.44860644,-56.44860644,1.893419307,81,70
1.885696762,0.083615216,1,2.828545143,0,0,0.666666667,0,0,-63.71510266,-63.71510266,1.5,82,71
2.422758723,0.153707765,1,5.031732044,0,0,0.666666667,0,0,-59.36526982,-59.36526982,2.076860562,83,72
0.588801586,0,1,1.078957241,0,0,0.666666667,0,0,-13.89658293,-13.89658293,1.832463203,84,73
0.343475898,0.149172903,1,0.515213847,0,0,0.666666667,0,0,-26.60058036,-26.60058036,1.5,85,74
0,0,1.00E-08,0.323893955,0.99999999,2.369620867,0.149243315,3,0,-28.95249688,-28.95247738,inf,86,75
1.264534838,0.157007823,1,2.387439355,0,0,0.666666667,0,0,-44.71961791,-44.71961791,1.887998087,87,76
1.33900513,0.56963526,1,2.008507696,0,0,0.666666667,0,0,-91.46388553,-91.46388553,1.5,88,77
1.254806895,0.13003347,1,1.882210342,0,0,0.666666667,0,0,-59.09385243,-59.09385243,1.5,89,78
0.608679358,0.055395315,1,0.913019036,0,0,0.666666667,0,0,-29.60432173,-29.60432173,1.5,90,79
4.608198945,1.716449514,1,7.544636641,0,0,0.666666667,0,0,-164.9957944,-164.8692445,1.637220253,91,80
1.886846874,0.053669726,1,3.737581128,0,0,0.666666667,0,0,-44.59056846,-44.59056846,1.980860863,92,81
3.318073934,0,0.993379197,61.58079097,0.006620803,2.0020115,0.181880717,1,0,-55.08883738,-54.08796868,18.55919795,93,82
1.322857932,0.360274378,1,2.322285785,0,0,0.666666667,0,0,-52.34889112,-52.3463827,1.755506565,94,83
1.334939557,0.065604871,1.00E-08,1.586527287,0.99999999,0.145643778,0.551734425,1,0,-121.5452056,-121.5458755,1.188463761,95,84
1.164247124,0,1,2.183528098,0,0,0.666666667,0,0,-18.68776242,-18.68776242,1.87548507,96,85
1.82536626,0,0.988409313,10.82432007,0.011590687,0.7792826,0.361551443,1,0,-33.8830444,-33.5011335,5.929944203,97,86
0.638569998,0.054135864,1,1.152093126,0,0,0.666666667,0,0,-31.73405673,-31.73387327,1.804176723,98,87
0,0,1,0,0,0,1,0,0,0,0,,99,88
0.594339941,0.342792752,1,1.089086282,0,0,0.666666667,0,0,-53.21320988,-53.21320988,1.832429905,100,89
5.588007833,0.067910992,1,8.38201175,0,0,0.666666667,0,0,-49.63912976,-49.63912976,1.5,101,90
2.506668709,0.172480976,1,5.246724436,0,0,0.666666667,0,0,-81.34079899,-81.34079899,2.093106447,102,91
0.704212423,0,1,1.056318635,0,0,0.666666667,0,0,-27.41524974,-27.41524974,1.5,103,92
2.315085809,0,1,4.760960605,0,0,0.666666667,0,0,-54.64803381,-54.64803381,2.056494228,104,93
0.652679148,0,1,0.979018722,0,0,0.666666667,0,0,-26.26386885,-26.26386885,1.5,105,94
0,0,1,0,0,0,1,0,0,0,0,,106,95
0.967186296,0,1,1.793035094,0,0,0.666666667,0,0,-33.67688946,-33.67688946,1.853867348,107,96
1.745268061,0,1,3.416897167,0,0,0.666666667,0,0,-27.07710385,-27.07710385,1.957806507,108,97
1.223839425,0.042513296,0.975574632,2.132359024,0.024425368,-0.079907329,0.666666667,0,0,-32.36608176,-32.33513244,1.742351962,109,98
0.324836129,0,1,0.606735391,0,0,0.666666667,0,0,-14.74166699,-14.74166699,1.867819915,110,99
0,0,1,0,0,0,1,0,0,0,0,,111,100
0.21617333,0,1,0.421714005,0,0,0.666666667,0,0,-14.47907125,-14.4784353,1.950814213,112,101
0.273315096,0,1,0.409972644,0,0,0.666666667,0,0,-15.55344771,-15.55344771,1.5,113,102
0.596535837,0,1,1.093104907,0,0,0.666666667,0,0,-14.29141374,-14.29141374,1.832421189,114,103
2.196514055,0,1,4.46922443,0,0,0.666666667,0,0,-63.74276307,-63.74276307,2.034689657,115,104
1.696599625,0,1,2.544899437,0,0,0.666666667,0,0,-54.99230599,-54.99230599,1.5,116,105
1.422154792,0,1,2.133232188,0,0,0.666666667,0,0,-54.31876989,-54.31876989,1.5,117,106
0.278836059,0,1,0.52650251,0,0,0.666666667,0,0,-15.43306881,-15.43306881,1.888215289,118,107
2.620520319,0,1,3.930780479,0,0,0.666666667,0,0,-37.26457084,-37.26457084,1.5,119,108
0.097193178,0,1,0.231011325,0,0,0.666666667,0,0,-11.26532516,-11.26521806,2.376826528,120,109
3.048843429,0,1,6.72630148,0,0,0.666666667,0,0,-77.81787479,-77.81787479,2.206181339,121,110
0,0,1,0,0,0,1,0,0,0,0,,122,111
0.497399911,0,1,0.746099867,0,0,0.666666667,0,0,-16.26323457,-16.26323457,1.5,123,112
0,0,1,0,0,0,1,0,0,0,0,,124,113
0,0,1,0,0,0,1,0,0,0,0,,125,114
0.167338625,0.050533452,1,0.334480203,0,0,0.666666667,0,0,-15.50168668,-15.50168668,1.998822471,126,115
0.590393369,0.068468734,1,1.081867484,0,0,0.666666667,0,0,-19.3958061,-19.3958061,1.832451957,127,116
0.481360928,0,1,0.884281969,0,0,0.666666667,0,0,-32.19897074,-32.19897074,1.837045589,128,117
0.731046273,0,1,1.342086784,0,0,0.666666667,0,0,-19.34998268,-19.34998268,1.835843823,129,118
1.440583035,0,1,2.754202749,0,0,0.666666667,0,0,-42.89557756,-42.89557756,1.911866711,130,119
1.276414151,0,1,2.411830976,0,0,0.666666667,0,0,-49.41972022,-49.41972022,1.889536381,131,120
0.601680963,0,1,0.902521445,0,0,0.666666667,0,0,-12.55357313,-12.55357313,1.5,132,121
0,0,1,0,0,0,1,0,0,0,0,,133,122
2.45769128,0,1,5.120806112,0,0,0.666666667,0,0,-59.43198668,-59.43198668,2.083583952,134,123
0,0,0.51687806,0.094476616,0.48312194,0.018457631,0.630878191,1,0,-11.80808797,-11.80152398,inf,135,124
1.056500739,0,1,1.584751108,0,0,0.666666667,0,0,-32.78112886,-32.78112886,1.5,136,125
0.433586616,0,1,0.650379924,0,0,0.666666667,0,0,-19.91492361,-19.91492361,1.5,137,126
0.654840844,0,1,1.200344111,0,0,0.666666667,0,0,-34.41535445,-34.41535445,1.833031831,138,127
0.424259835,0,1,0.782209197,0,0,0.666666667,0,0,-26.26241322,-26.26241322,1.843703154,139,128
0.979245944,0,1,1.468868916,0,0,0.666666667,0,0,-19.23255997,-19.23255997,1.5,140,129
3.489698313,0,1,8.058252833,0,0,0.666666667,0,0,-69.11679978,-69.11679978,2.309154577,141,130
0,0,1,0,0,0,1,0,0,0,0,,142,131
3.876916208,0,1,5.815374312,0,0,0.666666667,0,0,-78.42698018,-78.42698018,1.5,143,132
0.578049708,0,1,1.059319737,0,0,0.666666667,0,0,-23.67934215,-23.67934215,1.832575507,144,133
0.854054329,0,1,1.574741222,0,0,0.666666667,0,0,-31.23333961,-31.23333961,1.843841975,145,134
3.197798247,0,1,7.162464072,0,0,0.666666667,0,0,-75.89635035,-75.89635035,2.23981112,146,135
0.451064812,0,1,0.8300064,0,0,0.666666667,0,0,-20.21601293,-20.21601293,1.840104521,147,136
0,0,1,0,0,0,1,0,0,0,0,,148,137
0.182448037,0,1,0.273672055,0,0,0.666666667,0,0,-19.81589785,-19.81589785,1.5,149,138
2.422459893,0,1,5.030972681,0,0,0.666666667,0,0,-32.21068607,-32.21068607,2.076803292,150,139
1.392523364,0,1,2.088785047,0,0,0.666666667,0,0,-41.51589943,-41.51589943,1.5,151,140
1.839628538,0,1,3.629696829,0,0,0.666666667,0,0,-41.03697089,-41.03697089,1.973059644,152,141
0,0,1,0,0,0,1,0,0,0,0,,153,142
1.125746514,0.044689256,1,1.688619771,0,0,0.666666667,0,0,-35.99584327,-35.99584327,1.5,154,143
1.944522845,0.108754191,1,3.47369037,0,0,0.666666667,0,0,-48.56320369,-48.56312115,1.786397305,155,144
9.556701031,0,1,14.33505155,0,0,0.666666667,0,0,-50.19257259,-50.19257259,1.5,156,145
0.576017917,0.053996353,1,1.055612746,0,0,0.666666667,0,0,-23.76399603,-23.76399603,1.832604012,157,146
0,0,1,0,0,0,1,0,0,0,0,,158,147
3.015686275,0,1,6.631044291,0,0,0.666666667,0,0,-70.44614945,-70.44614945,2.198850838,159,148
2.45769128,0,1,5.120806112,0,0,0.666666667,0,0,-69.51005622,-69.51005622,2.083583952,160,149
3.169152338,0,1,4.753728507,0,0,0.666666667,0,0,-70.64782447,-70.64782447,1.5,161,150
1.328347604,0,1,1.992521405,0,0,0.666666667,0,0,-47.72790811,-47.72790811,1.5,162,151
1.58967915,0.04962638,1,3.073934025,0,0,0.666666667,0,0,-35.36827429,-35.36827429,1.933682042,163,152
0.611797286,0,1,1.121074749,0,0,0.666666667,0,0,-18.650132,-18.650132,1.832428445,164,153
0.27439481,0,1,0.411592214,0,0,0.666666667,0,0,-9.284044468,-9.284044468,1.5,165,154
1.250070383,0,1,2.357808234,0,0,0.666666667,0,0,-42.61885531,-42.61885531,1.886140385,166,155
1.344764163,0.054635605,1,2.553167551,0,0,0.666666667,0,0,-58.79192844,-58.79192844,1.898598744,167,156
0,0,1,0,0,0,1,0,0,0,0,,168,157
0,0,1,0,0,0,1,0,0,0,0,,169,158
0,0,1,0,0,0,1,0,0,0,0,,170,159
2.342996555,0,1,3.514494833,0,0,0.666666667,0,0,-58.69482325,-58.69482325,1.5,171,160
1.339915417,0,1,2.009873125,0,0,0.666666667,0,0,-46.05199545,-46.05199545,1.5,172,161
0.925434086,0,1,1.711982311,0,0,0.666666667,0,0,-33.20538095,-33.20538095,1.84992355,173,162
2.571313684,0,1,5.41479373,0,0,0.666666667,0,0,-61.29968339,-61.29968339,2.105847203,174,163
0.422755625,0,1,0.634133438,0,0,0.666666667,0,0,-19.32045455,-19.32045455,1.5,175,164
3.015686275,0,1,4.523529412,0,0,0.666666667,0,0,-76.25653318,-76.25653318,1.5,176,165
0.287424062,0,1,0.541436352,0,0,0.666666667,0,0,-17.58126695,-17.58126695,1.88375444,177,166
2.082799432,0,1,4.195579342,0,0,0.666666667,0,0,-62.43472152,-62.43472152,2.014394319,178,167
1.366285772,0,1,2.598024628,0,0,0.666666667,0,0,-30.24508622,-30.24508622,1.901523592,179,168
2.935291016,0,1,4.402936524,0,0,0.666666667,0,0,-41.0638701,-41.0638701,1.5,180,169
0.429307694,0,1,0.643961541,0,0,0.666666667,0,0,-17.83373625,-17.83373625,1.5,181,170
2.089152792,0,1,3.133729189,0,0,0.666666667,0,0,-55.61208044,-55.61208044,1.5,182,171
2.423604146,0,1,3.635406219,0,0,0.666666667,0,0,-64.59287157,-64.59287157,1.5,183,172
4.335841022,0.069115854,1,6.503761533,0,0,0.666666667,0,0,-87.78291473,-87.78291473,1.5,184,173
0,0,1,0,0,0,1,0,0,0,0,,185,174
0.137164775,0,1,0.283101992,0,0,0.666666667,0,0,-9.434237237,-9.434237237,2.0639555,186,175
1.210816254,0,1,2.277771362,0,0,0.666666667,0,0,-28.63162213,-28.63162213,1.881186641,187,176
0,0,1,0,0,0,1,0,0,0,0,,188,177
0.273270257,0,1,0.409905385,0,0,0.666666667,0,0,-11.17479835,-11.17479835,1.5,189,178
1.857048271,0,1,3.669387661,0,0,0.666666667,0,0,-33.61881388,-33.61881388,1.975924761,190,179
0.911071015,0,1,1.366606523,0,0,0.666666667,0,0,-18.1962894,-18.1962894,1.5,191,180
0,0,1,0,0,0,1,0,0,0,0,,192,181
0.92343363,0,1,1.385150444,0,0,0.666666667,0,0,-19.60076291,-19.60076291,1.5,193,182
0.27439481,0,1,0.411592214,0,0,0.666666667,0,0,-9.807949933,-9.807949933,1.5,194,183
0.137783704,0,1,0.206675556,0,0,0.666666667,0,0,-8.610175567,-8.610175567,1.5,195,184
0.863787819,0.052331578,1,1.593357952,0,0,0.666666667,0,0,-21.61526286,-21.61526286,1.844617297,196,185
0.62825192,0,1,0.94237788,0,0,0.666666667,0,0,-14.14362417,-14.14362417,1.5,197,186
0.774396093,0,1,1.423528377,0,0,0.666666667,0,0,-18.07594766,-18.07594766,1.838243231,198,187
0.910102535,0,1,1.68236397,0,0,0.666666667,0,0,-29.56887945,-29.56887945,1.848543329,199,188
0.19193186,0.041152919,1,0,0,0,0.666666667,0,0,-11.11790748,-11.00834594,0,200,189
0.904352324,0,1,1.356528486,0,0,0.666666667,0,0,-33.89562569,-33.89562569,1.5,201,190
0.574118179,0.066799062,1,1.052147811,0,0,0.666666667,0,0,-20.01272615,-20.01272615,1.83263281,202,191
3.015686275,0,1,4.523529412,0,0,0.666666667,0,0,-67.47883627,-67.47883627,1.5,203,192
0.403510744,0,1,0.745353998,0,0,0.666666667,0,0,-15.47108058,-15.47108058,1.847172619,204,193
1.213710205,0.054292867,1,2.283653226,0,0,0.666666667,0,0,-32.40386373,-32.40386373,1.881547355,205,194
1.233126159,0,1,2.323192538,0,0,0.666666667,0,0,-37.83832602,-37.83832602,1.883986097,206,195
0.284944338,0,1,0.537122186,0,0,0.666666667,0,0,-8.290441424,-8.290441424,1.885007401,207,196
2.607304632,0,1,3.910956948,0,0,0.666666667,0,0,-54.21898152,-54.21898152,1.5,208,197
0.573319279,0,1,1.050691022,0,0,0.666666667,0,0,-24.84485275,-24.84485275,1.832645544,209,198
0.550013421,0,1,0.825020132,0,0,0.666666667,0,0,-13.54279467,-13.54279467,1.5,210,199
0,0,1,0,0,0,1,0,0,0,0,,211,200
1.63711124,0,1,3.177462857,0,0,0.666666667,0,0,-30.9773817,-30.9773817,1.940896122,212,201
0.359402029,0.100595177,1,0.667419571,0,0,0.666666667,0,0,-23.51134018,-23.51134018,1.857027831,213,202
4.54393801,0,1,6.815907015,0,0,0.666666667,0,0,-51.08951429,-51.08951429,1.5,214,203
0,0,1,0,0,0,1,0,0,0,0,,215,204
1.821713971,0,1,2.732570956,0,0,0.666666667,0,0,-23.02993907,-23.02993907,1.5,216,205
0.92343363,0,1,1.70811333,0,0,0.666666667,0,0,-33.96339085,-33.96339085,1.849741308,217,206
2.089484552,0,1,4.21150376,0,0,0.666666667,0,0,-29.12272745,-29.12272745,2.015570662,218,207
0.652679148,0,1,0.979018722,0,0,0.666666667,0,0,-12.61595556,-12.61595556,1.5,219,208
0.073519576,0,1,0.175538152,0,0,0.666666667,0,0,-11.18074209,-11.18074209,2.387638245,220,209
0,0,1,0,0,0,1,0,0,0,0,,221,210
0.289185446,0,1,0.433778169,0,0,0.666666667,0,0,-16.87024489,-16.87024489,1.5,222,211
2.368490306,0,1,4.89455233,0,0,0.666666667,0,0,-30.73386909,-30.73386909,2.066528335,223,212
1.615038386,0,1,2.422557579,0,0,0.666666667,0,0,-41.96063897,-41.96063897,1.5,224,213
11.25521729,0,1,16.88282594,0,0,0.666666667,0,0,-58.65017056,-58.65017056,1.5,225,214
0.743055214,0,1,1.114582821,0,0,0.666666667,0,0,-28.41516209,-28.41516209,1.5,226,215
0.204553376,0,1,0.398189893,0,0,0.666666667,0,0,-16.97022469,-16.97022469,1.946630758,227,216
1.964963025,0,1,2.947444538,0,0,0.666666667,0,0,-54.94912698,-54.94912698,1.5,228,217
2.311655171,0,1,4.752425941,0,0,0.666666667,0,0,-60.75206922,-60.75206922,2.055854178,229,218
0.428053713,0,1,0.788961516,0,0,0.666666667,0,0,-19.38214232,-19.38214232,1.843136721,230,219
0,0,1,0,0,0,1,0,0,0,0,,231,220
0,0,1,0,0,0,1,0,0,0,0,,232,221
0.573360533,0.136698432,1,0.860040799,0,0,0.666666667,0,0,-30.54627999,-30.54627999,1.5,233,222
0,0,1,0,0,0,1,0,0,0,0,,234,223
0.263206995,0,1,0.499377894,0,0,0.666666667,0,0,-7.386619561,-7.386619561,1.897281998,235,224
2.648158446,0,1,3.972237669,0,0,0.666666667,0,0,-75.02740334,-75.02740334,1.5,236,225
1.052901005,0.055781107,1,1.844702954,0,0,0.666666667,0,0,-32.3943233,-32.39411599,1.752019369,237,226
0.636789808,0,1,0.955184712,0,0,0.666666667,0,0,-26.2843111,-26.2843111,1.5,238,227
0,0,1,0,0,0,1,0,0,0,0,,239,228
2.10666357,0,1,4.252517846,0,0,0.666666667,0,0,-73.22627345,-73.22627345,2.018603211,240,229
0.593886728,0,1,1.088257057,0,0,0.666666667,0,0,-13.519854,-13.519854,1.832432019,241,230
1.492611849,0,1,2.238917774,0,0,0.666666667,0,0,-27.82053596,-27.82053596,1.5,242,231
0.495723758,0,1,0.743585637,0,0,0.666666667,0,0,-19.69596266,-19.69596266,1.5,243,232
0,0,1,0,0,0,1,0,0,0,0,,244,233
0,0,1,0,0,0,1,0,0,0,0,,245,234
0.110867036,0,1,0.238525184,0,0,0.666666667,0,0,-9.383970859,-9.383970859,2.151452705,246,235
0.766169087,0,1,1.149253631,0,0,0.666666667,0,0,-28.21270052,-28.21270052,1.5,247,236
0.168944755,0,1,0.253417132,0,0,0.666666667,0,0,-9.173157737,-9.173157737,1.5,248,237
0.916452512,0,0.994505111,203.1063429,0.005494889,8.252659802,0.007139508,1,0,-50.73801814,-44.13025107,221.6223321,249,238
0,0,1,0,0,0,1,0,0,0,0,,250,
0,0,1,0,0,0,1,0,0,0,0,,251,
0,0,1,0,0,0,1,0,0,0,0,,252,
0.165404542,0,1,0.331179525,0,0,0.666666667,0,0,-10.75237788,-10.75237788,2.002239604,253,239
0.231970164,0,0.994505053,1357.118243,0.005494947,21.80678439,7.65E-06,1,0,-44.49803082,-31.94692245,5850.39999,254,240
1.210438345,0.085462644,1,2.05248595,0,0,0.666666667,0,0,-49.88284967,-49.88268991,1.695655098,255,241
0.140622496,0,1,0.210933744,0,0,0.666666667,0,0,-10.21770468,-10.21770468,1.5,256,242
0,0,1,0,0,0,1,0,0,0,0,,257,243
1.989724973,0,1,3.975941081,0,0,0.666666667,0,0,-33.87512386,-33.87512386,1.998236508,258,244
0.976214026,0,1,1.810636581,0,0,0.666666667,0,0,-29.30312883,-29.30312883,1.854753705,259,245
0.294441748,0,1,0.553654934,0,0,0.666666667,0,0,-18.95969231,-18.95969231,1.880354733,260,246
0.11245599,0.049072397,1,0.199197376,0,0,0.666666667,0,0,-21.21538569,-21.20955812,1.77133628,261,247
