,alpha,beta,alpha=beta,LRT,p-value,Total branch length,dN/dS LB,dN/dS MLE,dN/dS UB,omega,Site
1,1.012578616352203,0.0,0.271861882601535,18.08641968545116,2.111017114903024e-05,2.636427011568933,0.0,0.0,0.1002065825918186,0.0,1
2,1.07934284440623,0.0,0.1364743011521952,12.22624123761876,0.0004712203425241146,1.32348283069165,0.0,0.0,0.0928491077620746,0.0,2
3,2.076923076923078,0.0,0.3175506399379316,25.20613379712081,5.151808697423377e-07,3.079501534609901,0.0,0.0,0.04996834568524235,0.0,3
4,0.09511526748918903,0.3850769760464317,0.2750483458694838,2.72616694845091,0.09871594789416671,2.667328283018251,1.769846382632174,4.048529602150362,8.194763117388698,4.048529602150362,4
5,0.8286938857512798,0.0,0.2143533468018184,15.98879560121651,6.37184733797147e-05,2.078728169321249,0.0,0.0,0.1118907028559728,0.0,5
6,1.577011318228691,0.05875153224181476,0.5058165261862092,20.03659879197683,7.59740784483931e-06,4.905242102254747,0.002136183096800907,0.03725498451577688,0.1667098902832666,0.03725498451577688,6
7,0.7330791998630181,0.0,0.262893239729992,16.20014819676736,5.698965772737985e-05,2.549452066433621,0.0,0.0,0.1344379499126233,0.0,7
8,0.09277792804977009,0.0,0.02930561132647915,1.989672874357041,0.1583750874845102,0.2841961681142051,0.0,0.0,0.9581922971424426,0.0,8
9,0.9388046402435847,0.05467472363014969,0.1852084814947428,7.005669514343467,0.008125198120418231,1.796090863168501,0.003319751393719559,0.05823865934020484,0.2582960535975776,0.05823865934020484,9
10,0.8264107194613532,0.0,0.2448043866296548,14.282122819205,0.0001573522313873532,2.3740323258445,0.0,0.0,0.1359061675887742,0.0,10
11,0.6671872960239519,0.3930016255438026,0.4631108769240612,0.6500817415461171,0.420083456382366,4.491096778960793,0.2505852364657004,0.5890424291437557,1.161418740109989,0.5890424291437556,11
12,0.9793146876590331,0.0,0.2226150290800485,17.3935871286527,3.038494145490844e-05,2.158847243429374,0.0,0.0,0.09467420720781754,0.0,12
13,1.352941176470589,0.0,0.1754867160521319,15.606990547752,7.796581707908423e-05,1.701812383347175,0.0,0.0,0.07246938685102372,0.0,13
14,0.2446821441594745,0.0,0.1026798233980831,5.181358155362162,0.02283047149785322,0.9957551141754128,0.0,0.0,0.4642673595737073,0.0,14
15,0.0,0.0,0.0,0.0,1.0,0.0,0.0,0.0,0.0,,15
16,0.8439431955426407,0.09534217173568486,0.2600757833619227,7.497840406789535,0.006177302406964347,2.522129302382943,0.01890175953202787,0.112972261923839,0.3529838420329895,0.11297226192383898,16
17,0.7072611792469072,0.1902259723785018,0.34488270275219,3.072689717975251,0.07961764046371711,3.344558879155055,0.0666460261093837,0.2689614218343706,0.7032507145929342,0.2689614218343706,17
18,0.5326285656078966,0.1271240259254295,0.2579570458737669,2.938227028794799,0.08650563676166911,2.50158248393696,0.0393943123179197,0.2386729404577486,0.7412928355519555,0.23867294045774853,18
19,0.6434841438785294,0.0,0.1756186304777765,10.28465886393236,0.001341408178558434,1.703091646006791,0.0,0.0,0.1804517971227242,0.0,19
20,2.579436917039549,0.0,0.5043848353903478,31.91633207854359,1.609581168349195e-08,4.891358036381652,0.0,0.0,0.04619754198914742,0.0,20
21,1.352941176470589,0.0,0.3105496472947262,19.43495373860816,1.040845794852974e-05,3.011608213428883,0.0,0.0,0.0837484848357614,0.0,21
22,1.298363282877079,0.06323939047423316,0.4409891067686791,15.2043866333274,9.647904583975908e-05,4.276567136837881,0.002769602795494124,0.04870700774447289,0.2157483668322963,0.04870700774447291,22
23,1.105263157894737,0.0,0.4817466761172899,17.68926268070209,2.600906162419925e-05,4.671820622645839,0.0,0.0,0.1363765363118383,0.0,23
24,0.4234833704122647,0.0,0.109484938897022,8.055609892874344,0.004536296966581421,1.061748883314962,0.0,0.0,0.2240484021771193,0.0,24
25,0.690874183195176,0.2358823151405442,0.3512304887023112,2.147772132212523,0.1427769362790033,3.40611761693179,0.1053376115496523,0.3414258643297807,0.7989337909285712,0.34142586432978067,25
26,0.0,0.0,0.0,0.0,1.0,0.0,0.0,0.0,0.0,,26
27,2.80952380952381,0.0,0.9012301088879743,45.39853258769185,1.607547428505995e-11,8.739832815010647,0.0,0.0,0.04424778920610083,0.0,27
28,0.4476553737409277,0.1191604240798619,0.1884060371370223,1.61919119933706,0.2032046002305967,1.827099704811286,0.04412855002730096,0.2661878558143341,0.8289636063989378,0.2661878558143341,28
29,0.6755772444154425,0.1782538093780692,0.2820598501672933,2.407923373598166,0.1207224155875664,2.735323542764062,0.06544348912573762,0.2638540756835395,0.6925853333286607,0.26385407568353947,29
30,1.184198977405237,0.05802477986802742,0.2687102060909507,10.05395984835252,0.001520208247571375,2.60586309063703,0.002805376137142833,0.04899918085993344,0.2167090972522862,0.04899918085993342,30
31,0.9261319039292641,0.0,0.3635616059089707,14.69054909735905,0.0001266799647341443,3.525700730884213,0.0,0.0,0.1553387879173204,0.0,31
32,0.894572641544334,0.1058640028718645,0.275421011202919,5.573956953827278,0.01822951999841449,2.670942268700767,0.01199949354672696,0.1183403090542849,0.3966658815180819,0.11834030905428489,32
33,2.217880606102268,0.0,0.4597105541038342,36.40447224549654,1.603349009116073e-09,4.458121567998837,0.0,0.0,0.04180585087536512,0.0,33
34,0.842239157139606,0.0,0.2123963098334854,13.57113960453675,0.0002296898865359331,2.059749469267464,0.0,0.0,0.1302060584092118,0.0,34
35,1.155286156319324,0.7439963203263671,0.8811066969649849,0.9565913877322032,0.3280471719921465,8.544682592953004,0.3412945250071932,0.6439931061726706,1.093434144390961,0.6439931061726707,35
36,0.0,0.0,0.0,0.0,1.0,0.0,0.0,0.0,0.0,,36
37,1.352941176470589,0.0,0.3946552519498356,20.79075623274521,5.122963416592796e-06,3.827236670846975,0.0,0.0,0.08957023931770967,0.0,37
38,1.352941176470589,0.0,0.3347266007466471,20.30773788794772,6.593339754279448e-06,3.246068346376292,0.0,0.0,0.08799225379551631,0.0,38
39,1.309964527486504,0.1471240549199579,0.4357425050085145,8.42312924547366,0.003704776271252874,4.225687320708169,0.01859048415347066,0.1123114800690461,0.3478174713062498,0.11231148006904611,39
40,1.352941176470589,0.0,0.4060783610609394,21.35123405824754,3.823745409303747e-06,3.938014221301719,0.0,0.0,0.09152389545791573,0.0,40
41,0.0,0.04222954217402568,0.04209725511251777,0.00116416295984223,0.9727815937625438,0.408245317179024,1462.056854120088,10000.0,10000.0,inf,41
42,1.352941176470589,0.0,0.2425311709155643,14.82626333877776,0.0001178823624193859,2.351987428434092,0.0,0.0,0.0880309591785752,0.0,42
43,0.7091248549906147,0.4305739960507559,0.4957773937680949,0.5978989060318156,0.4393808134166648,4.807885902016015,0.2757294849816341,0.6071906703318903,1.146000270544832,0.6071906703318903,43
44,0.754173241202837,0.0,0.2507090016804891,11.29548669244004,0.0007769573164336796,2.431293338179034,0.0,0.0,0.1860764615009944,0.0,44
45,1.734534894152354,0.124026372433837,0.484561335838959,14.43697769355741,0.000144928473711281,4.699116265740685,0.01189502339429692,0.07150410917184068,0.2234020924843313,0.07150410917184066,45
46,1.768616906112009,0.2221790705716543,0.5597910153231112,9.631420557903681,0.001912766100526264,5.428668923751196,0.0307869269479942,0.1256230616160261,0.3239432973879727,0.12562306161602607,46
47,0.2737135271812743,0.0,0.07834698729289447,4.997602735726815,0.02538245183053078,0.7597832825897923,0.0,0.0,0.3854239197029408,0.0,47
48,1.040136174083526,0.1186547679891771,0.3543827547764134,8.366823712407012,0.003821329360116255,3.436687255256544,0.01896022147037408,0.1140761863163974,0.3553333521940053,0.11407618631639742,48
49,0.5815102553341698,0.4893064928343674,0.5227071408016166,0.1035508262470444,0.7476094100956971,5.069041720604811,0.4009510464736292,0.841440865996737,1.535933925795345,0.8414408659967368,49
50,1.352941176470589,0.0,0.4393929708079122,21.16807839054715,4.20713793936045e-06,4.261088335908402,0.0,0.0,0.09478308427866915,0.0,50
51,0.8932134177440392,0.06579417159341698,0.3201334194565693,8.972525180265038,0.002740695519726111,3.104548479855416,0.004215373536727839,0.07366007975965166,0.3275869236346429,0.07366007975965166,51
52,0.9108532871156618,0.0,0.4279995840103863,13.38868242232404,0.0002531471558234744,4.150599022662982,0.0,0.0,0.1905757580554066,0.0,52
53,0.0,0.0,0.0,0.0,1.0,0.0,0.0,0.0,0.0,,53
54,2.422713484644276,0.0,0.8493188911871202,43.79504238928331,3.646272173085663e-11,8.236414920452173,0.0,0.0,0.04785970165667171,0.0,54
55,1.082737284136734,0.6191828349925951,0.6853252124949905,0.6068797944411699,0.4359650472623416,6.646058228689727,0.2839043864592449,0.5718680275116501,1.016252017384564,0.5718680275116501,55
56,1.352941176470589,0.0,0.3047313268436773,21.01545035921198,4.555945231299319e-06,2.95518405770569,0.0,0.0,0.07312930971038088,0.0,56
57,1.500000000000001,0.0,0.3829722298547624,24.59044710566367,7.090235281115298e-07,3.713938569864746,0.0,0.0,0.07311998811970045,0.0,57
58,1.021081717870118,0.0,0.2673874567187026,13.11969480586465,0.000292207632031416,2.59303550281501,0.0,0.0,0.1377202640797836,0.0,58
59,1.72832548120151,0.07842648870624602,0.7595927451386649,19.99803630555419,7.752173406427865e-06,7.366280303482551,0.002591431659286102,0.04537715237046955,0.2013163300377807,0.04537715237046955,59
60,0.1385263447587841,0.0,0.04301994580639903,2.335511440886663,0.1264534526911388,0.4171932676801882,0.0,0.0,0.8676098751361568,0.0,60
61,1.962962962962964,0.0,0.5870548106836475,31.12060879308525,2.42483204626609e-08,5.693064233011076,0.0,0.0,0.06239271910288247,0.0,61
62,1.046469943955965,0.0,0.2386464905174742,14.52364148250226,0.0001384116091510679,2.314315077184144,0.0,0.0,0.1137821966664885,0.0,62
63,0.731518923296218,0.0,0.2595857965348509,12.2827706695862,0.000457159163708587,2.517377571489877,0.0,0.0,0.1766607307400156,0.0,63
64,0.3942643179303906,0.0,0.04336043136247228,4.403685843526858,0.03586134486032466,0.4204951844788603,0.0,0.0,0.2375869236991223,0.0,64
65,0.4480909785430168,0.0,0.1147033291827986,8.117216366768119,0.004384683297130931,1.112355113856281,0.0,0.0,0.2208016637842035,0.0,65
66,1.352941176470589,0.0,0.1968170432912967,14.79948389312846,0.0001195682207645321,1.908666872695955,0.0,0.0,0.08279728938014279,0.0,66
67,0.4416412546554999,0.12781482715628,0.2600099637836411,2.458136813593157,0.1169173942877333,2.521491005787588,0.0478740536461068,0.2894087130876878,0.9009301449437829,0.28940871308768773,67
68,2.140487155035676,0.0,0.5111283341352681,36.18746218952742,1.792198944805534e-09,4.956754266531531,0.0,0.0,0.04622441994510025,0.0,68
69,1.406214352573315,0.3467312283051726,0.4967576616179616,3.715000572503314,0.05392560626065679,4.81739221681539,0.0958628251141961,0.2465706794064991,0.5074608953072658,0.24657067940649913,69
70,0.6710182767624029,0.0,0.2560162991162659,13.43336231584485,0.0002471886787255295,2.482761760983347,0.0,0.0,0.1688087965000042,0.0,70
71,2.632815964523282,0.0,0.3933400791822141,24.47175321663485,7.540728689248155e-07,3.814482558441598,0.0,0.0,0.04994665643283518,0.0,71
72,1.237558808223664,0.10245926174117,0.3832394168291621,12.63937216911576,0.0003777068051853405,3.716529661156049,0.01376167555936989,0.08279142862571143,0.2580238287076742,0.08279142862571146,72
73,0.3289380973376088,0.749588720497882,0.6468167318415422,1.365986878127529,0.2425025921103854,6.272615664407796,1.268350742269198,2.278813936619006,3.748396845765544,2.278813936619006,73
74,1.63473437564682,0.09892367258491534,0.4242492948490333,17.50528036702141,2.865108417882123e-05,4.114229953370995,0.01000274227646065,0.06051360640518369,0.1875227199574477,0.060513606405183676,74
75,2.529423980091061,0.05474473182405196,0.411792499867571,23.07201333472524,1.560456033833368e-06,3.993428057745049,0.00122299460003478,0.02164316154782447,0.09516116968522946,0.021643161547824464,75
76,1.807960163312406,0.1608845087610392,0.4086794162760682,11.54469380895617,0.0006794288891353029,3.963238398233498,0.02199192801208691,0.08898675536427686,0.2325521434208249,0.08898675536427691,76
77,0.6326470744675445,0.09323153323050744,0.2156410538077663,4.990861837559066,0.02548151449710567,2.09121592781457,0.02449785670869921,0.1473673664087896,0.4600853679851434,0.1473673664087896,77
78,1.352941176470589,0.0,0.3792169380992763,21.89899736289442,2.873840372341618e-06,3.677520987062242,0.0,0.0,0.08446576920195348,0.0,78
79,1.352941176470589,0.0,0.3079139358616566,19.84986682226868,8.376856879377392e-06,2.986047951908033,0.0,0.0,0.08183417608410935,0.0,79
80,0.0,0.0,0.0,0.0,1.0,0.0,0.0,0.0,0.0,,80
81,1.352941176470589,0.0,0.3356863763844596,25.09637367644447,5.453531796151267e-07,3.255375934451388,0.0,0.0,0.07012706886552672,0.0,81
82,0.6673955858762289,0.0,0.1965266123055311,12.09942027789296,0.0005043750213622467,1.90585036863683,0.0,0.0,0.161080919760986,0.0,82
83,1.504832269396744,0.2905359306643722,0.5187226164027239,6.608108502567831,0.01015154343024383,5.030401115114365,0.06871102885435745,0.1930686472990389,0.4196577492085615,0.1930686472990389,83
84,1.051282051282052,0.0,0.2418532868629599,14.42416713291762,0.0001459176604700074,2.345413532123599,0.0,0.0,0.1152968126432708,0.0,84
85,0.1719119914995035,0.3255406992564133,0.2825512602916914,0.3781330441791795,0.538604096933909,2.740089076325898,0.6714698248586062,1.893647420502097,4.124657821380758,1.8936474205020974,85
86,2.600038167702496,0.05928726809225598,0.7959033952711708,35.91701061469797,2.059032055967691e-09,7.718409031132389,0.001293268377411719,0.02280246068258479,0.1003879792098426,0.022802460682584794,86
87,2.217817406930957,0.0,0.299053229843592,23.07378913970864,1.559015453733714e-06,2.90011974283344,0.0,0.0,0.05033188978067782,0.0,87
88,2.268123133081667,0.0,0.3010598743241232,27.09710137779017,1.934878457454658e-07,2.919579520204445,0.0,0.0,0.04248582737016905,0.0,88
89,0.3996334070515267,0.0497287106758137,0.1190428069593738,2.963478313159939,0.08516455241744636,1.154437940315019,0.00707201220521443,0.1244358199248391,0.5568430274545926,0.12443581992483908,89
90,1.043979309060312,0.05311660799323628,0.2975448289841242,11.84811594178011,0.0005771971334612713,2.885491768024616,0.002891879615362954,0.05087898537093294,0.2295044124281774,0.05087898537093293,90
91,0.2213012105671175,0.0,0.06255774935949537,4.983310478884981,0.02559296450970128,0.6066644526112818,0.0,0.0,0.3819448227650376,0.0,91
92,0.2165854497834755,0.0,0.04846928266660625,2.978300301667939,0.08438784958824574,0.4700391420481141,0.0,0.0,0.5564742555690324,0.0,92
93,0.8808109662793349,0.0,0.3055402420412286,18.85601455672906,1.409659112172612e-05,2.963028650910464,0.0,0.0,0.1130779550059745,0.0,93
94,0.3321841510415835,0.0,0.08581379744562333,5.369548814250322,0.02049127731044853,0.8321939485814076,0.0,0.0,0.3361274803920973,0.0,94
95,1.500000000000001,0.0,0.3439803832289811,20.42346609849062,6.206408893483228e-06,3.335808481558713,0.0,0.0,0.08138425712520937,0.0,95
96,0.6229475110107895,0.0,0.2297227988594399,13.89490333044338,0.0001933219913079487,2.227776054114711,0.0,0.0,0.1598921620191903,0.0,96
97,0.5524587921280271,0.0,0.2323959140270611,8.556032455899597,0.003443791354551418,2.253699044735947,0.0,0.0,0.2802073441630954,0.0,97
98,0.4389873776263236,0.0,0.09868098174896887,5.928903450107182,0.01489450729926134,0.9569756647070816,0.0,0.0,0.2795588839945864,0.0,98
99,0.5048229837360384,0.2796314296425622,0.3875039007576911,0.664653821813971,0.414921761063813,3.757885221972401,0.1372203403857332,0.5539197672282998,1.450000221983267,0.5539197672282999,99
100,0.4647649337921173,0.0,0.116396040561426,8.260280103095859,0.004052187525449114,1.128770471385252,0.0,0.0,0.2143022641783227,0.0,100
101,1.073451618618543,0.0,0.18725194183191,13.71033784120856,0.0002132772635746738,1.81590766859346,0.0,0.0,0.1010239487408371,0.0,101
102,0.2216460499771916,0.0,0.0487053962016251,3.013868955577898,0.08255502702600115,0.4723288933569916,0.0,0.0,0.5436510793053095,0.0,102
103,0.8442808133946473,0.0,0.3883079733957448,13.82026586561851,0.0002011547752350795,3.765682853629854,0.0,0.0,0.1811860554857384,0.0,103
104,0.5425661497397328,0.0,0.1729030018137528,9.07908604266784,0.002585492323268324,1.676756373497416,0.0,0.0,0.2248636408670322,0.0,104
105,1.070621540328085,0.0,0.150693089845845,11.5315320070994,0.0006842560255865271,1.461371961102306,0.0,0.0,0.1055545680069113,0.0,105
106,3.656325248287053,0.0,0.4512559931455701,34.68079197250222,3.884454535807436e-09,4.376132019967956,0.0,0.0,0.03071240136368207,0.0,106
107,0.1814098757330578,0.0,0.06598102504023752,4.048942971570241,0.04419901215580235,0.6398622528559884,0.0,0.0,0.54905297087658,0.0,107
108,0.1930744218864114,0.0,0.04704845712058755,2.820230594305983,0.0930830299739539,0.4562604437899948,0.0,0.0,0.6204783359165577,0.0,108
109,1.352941176470589,0.0,0.246322588849116,15.18227959584058,9.761517118278551e-05,2.388755351014888,0.0,0.0,0.08907646862040997,0.0,109
110,0.0,0.0,0.0,0.0,1.0,0.0,0.0,0.0,0.0,,110
111,1.778791868336418,0.0,0.4446979670841045,26.99322575892394,2.041697543253562e-07,4.312534442824851,0.0,0.0,0.06439478621636575,0.0,111
112,3.048455945490152,0.0,0.6520871121533132,47.28762889953018,6.129763363560414e-12,6.323726077100553,0.0,0.0,0.03267243329947057,0.0,112
113,1.702001123988687,0.113129851083076,0.510119588749354,15.98712452384521,6.377474231467062e-05,4.946971785965405,0.01102718983853217,0.06646872877378193,0.2081592880286495,0.06646872877378192,113
114,0.5038857841733294,0.0,0.1378761657666575,7.709619966016838,0.005492731407363172,1.337077652079495,0.0,0.0,0.2421297985380057,0.0,114
115,2.369806663924312,0.0,0.6509160812653593,35.07710454166545,3.169050133422502e-09,6.312369805177326,0.0,0.0,0.05147870879443116,0.0,115
116,2.1367443641411,0.0,0.3588003810402343,20.29811702159152,6.62657666872235e-06,3.47952794000978,0.0,0.0,0.06611420669104238,0.0,116
117,1.758620689655173,0.0,0.5155565444193595,30.3318020435914,3.641069579174427e-08,4.999697591627963,0.0,0.0,0.06531704086281799,0.0,117
118,1.962962962962964,0.0,0.2975080261161891,22.18274616034545,2.478915320791586e-06,2.885134865930809,0.0,0.0,0.05729206173945284,0.0,118
119,1.352941176470589,0.0,0.2819248693133629,20.68250067385807,5.420916608489534e-06,2.734014542892725,0.0,0.0,0.07361639470080951,0.0,119
120,0.1234705228031146,0.0,0.03841375420023998,2.39518202351632,0.121709582611422,0.37252393833276,0.0,0.0,0.857029494759586,0.0,120
121,1.352941176470589,0.0,0.166188287244441,16.69561109020624,4.38824023870632e-05,1.611639282803773,0.0,0.0,0.06731698108911442,0.0,121
122,0.0,0.08141321044546848,0.07957740166856878,0.000969734069762751,0.9751574483581762,0.771715436021559,3824.552655357145,10000.0,10000.0,inf,122
123,0.6256810776685919,0.0,0.08810116832649643,7.686513690548342,0.005563499642753378,0.8543761181378837,0.0,0.0,0.1587327115757201,0.0,123
124,1.352941176470589,0.0,0.4197893471789075,23.6222109642561,1.17226587614816e-06,4.070978849556131,0.0,0.0,0.08450041254473438,0.0,124
125,0.4325806852663228,0.0,0.1996728054812971,7.646515143147383,0.005688209949943901,1.936361113993363,0.0,0.0,0.3310165036626744,0.0,125
126,0.686603117086327,0.0,0.3172241823724079,12.22289132969492,0.0004720671709461666,3.076335656644069,0.0,0.0,0.2062574548636284,0.0,126
127,0.6307895637654729,0.0,0.1372471826171025,9.008804806745378,0.002686820633322595,1.330977980623387,0.0,0.0,0.1789989153948313,0.0,127
128,0.4026931897593303,0.0,0.1224798316008491,7.069673739166362,0.007839953046459125,1.187769073453292,0.0,0.0,0.2814692991524245,0.0,128
129,0.7106921111975336,0.0,0.2517342643319239,16.46678534781104,4.950987703700171e-05,2.441235997746934,0.0,0.0,0.1312741934675057,0.0,129
130,0.7894521277321949,0.0,0.1852923319827134,14.27539793240896,0.0001579154235564761,1.796904017588326,0.0,0.0,0.1181869257362725,0.0,130
131,1.02055829268744,0.0,0.2259854126974668,14.71721396936369,0.0001249007434548366,2.191532113861668,0.0,0.0,0.1099794403419185,0.0,131
132,0.9721950990601206,0.0,0.2265792245168035,14.2314111060741,0.000161649610308956,2.197290705339468,0.0,0.0,0.1175373906142793,0.0,132
133,0.3799362209043424,0.0,0.1008157518925709,5.246939199444359,0.02198541109104557,0.9776779625659265,0.0,0.0,0.3491288212065999,0.0,133
134,0.4935566018438046,0.0,0.1148385472341959,8.653083136245542,0.003265083917540434,1.113666413990541,0.0,0.0,0.1951207867217011,0.0,134
135,0.9836311685795927,0.0,0.1325561956359461,11.65578484028526,0.0006400319641906016,1.285486333652907,0.0,0.0,0.1009330838748507,0.0,135
136,0.7830596275860566,0.06007258353871219,0.2255901199155689,7.15400613040886,0.007479673005472587,2.187698694635327,0.00425131218338081,0.07671520970107776,0.331408425306728,0.07671520970107776,136
137,0.6386314566932592,0.0,0.128775585002556,9.45837281600928,0.0021018744533986,1.248823216710165,0.0,0.0,0.1625537999370053,0.0,137
138,1.352941176470589,0.0,0.3335230504100842,21.85002074204917,2.948134134261871e-06,3.234396711549324,0.0,0.0,0.07895032717252,0.0,138
139,0.9400526028829248,0.1398903546662209,0.3206390256604761,4.95569160129341,0.02600492115908037,3.109451682321466,0.02474524172605484,0.1488111986895302,0.4636537614435188,0.14881119868953016,139
140,1.352941176470589,0.0,0.2350642324933044,15.066852270152,0.0001037696107224484,2.279575518526806,0.0,0.0,0.08494927713663773,0.0,140
141,0.9009131335691266,0.0,0.1734283234765205,12.88480191530188,0.0003312612023440575,1.681850769991069,0.0,0.0,0.115203481326889,0.0,141
142,1.500000000000001,0.0,0.3694554033657452,27.87858328811213,1.291716495988027e-07,3.582856837753859,0.0,0.0,0.06219755718390686,0.0,142
143,0.4143646408839797,0.0,0.09249640637151375,5.935826171910559,0.01483611216282665,0.8969996893177506,0.0,0.0,0.2774628782093521,0.0,143
144,0.6143994299743242,0.0,0.1470027193928085,11.27425703381022,0.0007858930131326991,1.425583963711948,0.0,0.0,0.1518483247288326,0.0,144
145,1.352941176470589,0.0,0.3501897362401568,20.54738313181045,5.817326216184249e-06,3.396024742280427,0.0,0.0,0.08449016769249258,0.0,145
146,0.8264729148995876,0.0,0.1870538598706758,14.59343084883089,0.0001333786908824797,1.813986734963099,0.0,0.0,0.112891808240706,0.0,146
147,1.492809991723033,0.0491126378046654,0.3518552892792521,18.87905529232735,1.39273451468247e-05,3.412176727176034,0.001866486676467323,0.03289945678081815,0.1451702318280337,0.03289945678081813,147
148,0.3483875051842265,0.1984685017308202,0.2525419485181549,0.6263778321470568,0.4286870700993087,2.449068653009303,0.175175128024635,0.5696774389938883,1.331662879809482,0.5696774389938885,148
149,2.517781204164804,0.0,0.3651609154072715,28.90643880732449,7.595998996468012e-08,3.54121030773563,0.0,0.0,0.04154122040153235,0.0,149
150,0.9474217521922471,0.0,0.2146823977011961,17.45741877863746,2.938154094622725e-05,2.081919196584797,0.0,0.0,0.09441912995695198,0.0,150
151,1.662357634245451,0.183586572012371,0.4748488175069703,9.924268262576831,0.001631136822664137,4.604927461353037,0.02738847075664067,0.1104374703916835,0.2897333485192362,0.11043747039168349,151
152,1.352941176470589,0.0,0.3211665638505787,25.78185333167244,3.82265697873585e-07,3.114567573967295,0.0,0.0,0.06611372168187446,0.0,152
153,0.7733952823832179,0.0,0.244122774938474,13.61900637165003,0.0002239071572850415,2.367422280122629,0.0,0.0,0.147814544257996,0.0,153
154,1.101833688397782,0.05889921119253469,0.2779679530415197,10.30967665593437,0.001323344672796045,2.695641671926867,0.0030361369343334,0.05345562748057039,0.2365356408515933,0.053455627480570374,154
155,3.210526315789475,0.0,1.068931175766106,40.10720253714143,2.404009213918812e-10,10.3661425365337,0.0,0.0,0.04508325589723126,0.0,155
156,1.352941176470589,0.0,0.2701692022740771,17.31428162562264,3.167969604522813e-05,2.620011955163979,0.0,0.0,0.08299694181294305,0.0,156
157,0.3107580939071055,0.0,0.04411933011680164,3.864340567063508,0.04932257234361082,0.4278547346880094,0.0,0.0,0.3197412235046453,0.0,157
158,0.6282773977419567,0.05977951240544348,0.186039042753011,4.910168092631515,0.02669904274375079,1.804145372741918,0.005432188830376043,0.0951482778471618,0.4231497518835559,0.0951482778471618,158
159,0.0,0.05642256902761103,0.04411327969619396,0.5660171476480578,0.4518459507675466,0.4277960597013997,1462.890423182876,10000.0,10000.0,inf,159
160,2.465829091929408,0.05970490264448761,0.7050307728762182,30.85046307498604,2.786956165845567e-08,6.837156264096615,0.00137535671763706,0.02421291193290733,0.1073609392404594,0.02421291193290733,160
