alpha,beta,alpha=beta,LRT,p-value,Total branch length,dN/dS LB,dN/dS MLE,dN/dS UB,CodonSite,adjusted_p-value
0.0,0.0,0.0,0.0,1.0,0.0,0.0,0.0,0.0,1,1.0
0.0,0.0,0.0,0.0,1.0,0.0,0.0,0.0,0.0,2,1.0
0.0,0.0,0.0,0.0,1.0,0.0,0.0,0.0,0.0,3,1.0
0.0,0.0,0.0,0.0,1.0,0.0,0.0,0.0,0.0,4,1.0
0.0,0.0,0.0,0.0,1.0,0.0,0.0,0.0,0.0,5,1.0
0.0,0.0,0.0,0.0,1.0,0.0,0.0,0.0,0.0,6,1.0
0.0,0.0,0.0,0.0,1.0,0.0,0.0,0.0,0.0,7,1.0
0.0,0.0,0.0,0.0,1.0,0.0,0.0,0.0,0.0,8,1.0
0.0,0.0,0.0,0.0,1.0,0.0,0.0,0.0,0.0,9,1.0
0.0,0.0,0.0,0.0,1.0,0.0,0.0,0.0,0.0,10,1.0
0.0,0.0,0.0,0.0,1.0,0.0,0.0,0.0,0.0,11,1.0
0.0,0.0,0.0,0.0,1.0,0.0,0.0,0.0,0.0,12,1.0
0.0,0.0,0.0,0.0,1.0,0.0,0.0,0.0,0.0,13,1.0
0.0,0.0,0.0,0.0,1.0,0.0,0.0,0.0,0.0,14,1.0
0.0,0.0,0.0,0.0,1.0,0.0,0.0,0.0,0.0,15,1.0
0.0,0.0,0.0,0.0,1.0,0.0,0.0,0.0,0.0,16,1.0
0.0,0.0,0.0,0.0,1.0,0.0,0.0,0.0,0.0,17,1.0
0.0,0.0,0.0,0.0,1.0,0.0,0.0,0.0,0.0,18,1.0
0.0,0.0,0.0,0.0,1.0,0.0,0.0,0.0,0.0,19,1.0
0.0,0.0,0.0,0.0,1.0,0.0,0.0,0.0,0.0,20,1.0
0.0,0.0,0.0,0.0,1.0,0.0,0.0,0.0,0.0,21,1.0
0.0,0.0,0.0,0.0,1.0,0.0,0.0,0.0,0.0,22,1.0
0.0,0.0,0.0,0.0,1.0,0.0,0.0,0.0,0.0,23,1.0
0.0,0.0,0.0,0.0,1.0,0.0,0.0,0.0,0.0,24,1.0
0.0,0.0,0.0,0.0,1.0,0.0,0.0,0.0,0.0,25,1.0
0.0,0.0,0.0,0.0,1.0,0.0,0.0,0.0,0.0,26,1.0
0.0,0.0,0.0,0.0,1.0,0.0,0.0,0.0,0.0,27,1.0
0.0,0.0,0.0,0.0,1.0,0.0,0.0,0.0,0.0,28,1.0
0.0,0.0,0.0,0.0,1.0,0.0,0.0,0.0,0.0,29,1.0
0.0,0.0,0.0,0.0,1.0,0.0,0.0,0.0,0.0,30,1.0
0.0,0.0,0.0,0.0,1.0,0.0,0.0,0.0,0.0,31,1.0
0.0,0.0,0.0,0.0,1.0,0.0,0.0,0.0,0.0,32,1.0
0.0,0.0,0.0,0.0,1.0,0.0,0.0,0.0,0.0,33,1.0
0.0,0.0,0.0,0.0,1.0,0.0,0.0,0.0,0.0,34,1.0
0.0,0.0,0.0,0.0,1.0,0.0,0.0,0.0,0.0,35,1.0
0.0,0.0,0.0,0.0,1.0,0.0,0.0,0.0,0.0,36,1.0
0.0,0.0,0.0,0.0,1.0,0.0,0.0,0.0,0.0,37,1.0
0.0,0.0,0.0,0.0,1.0,0.0,0.0,0.0,0.0,38,1.0
0.0,0.0,0.0,0.0,1.0,0.0,0.0,0.0,0.0,39,1.0
0.0,0.0,0.0,0.0,1.0,0.0,0.0,0.0,0.0,40,1.0
0.0,0.0,0.0,0.0,1.0,0.0,0.0,0.0,0.0,41,1.0
0.0,0.0,0.0,0.0,1.0,0.0,0.0,0.0,0.0,42,1.0
0.0,0.0,0.0,0.0,1.0,0.0,0.0,0.0,0.0,43,1.0
0.0,0.0,0.0,0.0,1.0,0.0,0.0,0.0,0.0,44,1.0
0.0,0.0,0.0,0.0,1.0,0.0,0.0,0.0,0.0,45,1.0
0.0,0.0,0.0,0.0,1.0,0.0,0.0,0.0,0.0,46,1.0
0.0,0.0,0.0,0.0,1.0,0.0,0.0,0.0,0.0,47,1.0
0.0,0.0,0.0,0.0,1.0,0.0,0.0,0.0,0.0,48,1.0
0.0,0.0,0.0,0.0,1.0,0.0,0.0,0.0,0.0,49,1.0
0.0,0.0,0.0,0.0,1.0,0.0,0.0,0.0,0.0,50,1.0
0.0,0.0,0.0,0.0,1.0,0.0,0.0,0.0,0.0,51,1.0
0.0,0.0,0.0,0.0,1.0,0.0,0.0,0.0,0.0,52,1.0
0.0,0.0,0.0,0.0,1.0,0.0,0.0,0.0,0.0,53,1.0
0.0,0.0,0.0,0.0,1.0,0.0,0.0,0.0,0.0,54,1.0
0.0,0.0,0.0,0.0,1.0,0.0,0.0,0.0,0.0,55,1.0
0.0,0.0,0.0,0.0,1.0,0.0,0.0,0.0,0.0,56,1.0
0.0,0.0,0.0,0.0,1.0,0.0,0.0,0.0,0.0,57,1.0
0.0,0.0,0.0,0.0,1.0,0.0,0.0,0.0,0.0,58,1.0
0.0,0.0,0.0,0.0,1.0,0.0,0.0,0.0,0.0,59,1.0
0.0,0.0,0.0,0.0,1.0,0.0,0.0,0.0,0.0,60,1.0
0.0,0.0,0.0,0.0,1.0,0.0,0.0,0.0,0.0,61,1.0
0.0,0.0,0.0,0.0,1.0,0.0,0.0,0.0,0.0,62,1.0
0.0,0.0,0.0,0.0,1.0,0.0,0.0,0.0,0.0,63,1.0
0.0,0.0,0.0,0.0,1.0,0.0,0.0,0.0,0.0,64,1.0
0.0,0.0,0.0,0.0,1.0,0.0,0.0,0.0,0.0,65,1.0
0.0,0.0,0.0,0.0,1.0,0.0,0.0,0.0,0.0,66,1.0
0.0,0.0,0.0,0.0,1.0,0.0,0.0,0.0,0.0,67,1.0
0.0,0.0,0.0,0.0,1.0,0.0,0.0,0.0,0.0,68,1.0
0.0,0.0,0.0,0.0,1.0,0.0,0.0,0.0,0.0,69,1.0
0.0,0.0,0.0,0.0,1.0,0.0,0.0,0.0,0.0,70,1.0
0.0,0.0,0.0,0.0,1.0,0.0,0.0,0.0,0.0,71,1.0
0.0,0.0,0.0,0.0,1.0,0.0,0.0,0.0,0.0,72,1.0
0.0,0.0,0.0,0.0,1.0,0.0,0.0,0.0,0.0,73,1.0
0.0,0.0,0.0,0.0,1.0,0.0,0.0,0.0,0.0,74,1.0
0.0,0.0,0.0,0.0,1.0,0.0,0.0,0.0,0.0,75,1.0
0.0,0.0,0.0,0.0,1.0,0.0,0.0,0.0,0.0,76,1.0
0.0,0.0,0.0,0.0,1.0,0.0,0.0,0.0,0.0,77,1.0
0.0,0.0,0.0,0.0,1.0,0.0,0.0,0.0,0.0,78,1.0
0.0,5.529922468903231,5.380672733072548,0.06475034489306175,0.7991395145892193,59525627.42989618,3797.346304218971,10000.0,10000.0,79,1.0
0.02233822468205657,4.589328578889066,3.260519459094737,0.6314887658247628,0.4268097502323279,36070669.25982158,10.0409045852441,205.4473282550289,10000.0,80,1.0
0.0255438785390788,22.96708258359623,9999.99999999834,0.3924207253033813,0.5310297026242277,110628596799.8191,72.42882075465285,899.1227604085099,10000.0,81,1.0
0.0,4.255593583480355,2.488233219586197,0.923128315106851,0.3366549173737194,27526974.95935629,1456.000889068575,10000.0,10000.0,82,1.0
65.79846429915624,830.7956835068313,528.812807242785,5.243286977929529e-06,0.9981729875950572,5850181883.505221,0.02393396893845963,12.62636890322507,10000.0,83,1.0
19.51520123461565,7.787324598132931,10.8637781443096,0.09286596709119976,0.7605648076179,120184453.2049713,0.01665764002445345,0.3990389084136083,10000.0,84,1.0
19.7482349625642,7.747698686663479,10.90525467126144,0.09301152597941709,0.7603829761548351,120643302.2026526,0.01625186647148287,0.3923236026586895,10000.0,85,1.0
0.0,3.681706322396001,3.195947335632479,2.367250620953541,0.1239051015675519,35356316.91872001,4229.698549449273,10000.0,10000.0,86,1.0
0.0,5.359006837320019,3.401990352113084,0.8528042355105399,0.3557602417965113,37635741.89808551,2697.181945039142,10000.0,10000.0,87,1.0
