&alpha;,&beta;<sup>1</sup>,p<sup>1</sup>,&beta;<sup>+</sup>,p<sup>+</sup>,LRT,p-value,# branches under selection,Total branch length,MEME LogL,FEL LogL,FEL &alpha;,FEL &beta;,CodonSite,adjusted_p-value
0.0,0.0,1.0,0.0,0.0,0.0,1.0,0.0,0.0,0.0,0.0,1.0,0.0,1,1.0
10.96089634764705,0.0,1e-08,1.481465686891011,0.99999999,0.0,0.6666666666666666,0.0,0.0,-7.400710361906204,-7.400919319895824,1.0,10.75568275007692,2,1.0
24.05676442572464,0.0,1e-08,0.8238333132934669,0.99999999,0.0,0.6666666666666666,0.0,0.0,-7.095967901445158,-7.153460484650531,1.0,23.37498678262824,3,1.0
0.0,0.0,1.0,0.0,0.0,0.0,1.0,0.0,0.0,0.0,0.0,1.0,0.0,4,1.0
7.817062067847992,0.0,1e-08,1.159394074606925,0.99999999,0.0,0.6666666666666666,0.0,0.0,-8.193907113679725,-8.193938240640609,1.0,7.854241465040309,5,1.0
0.0,0.0,1.0,0.0,0.0,0.0,1.0,0.0,0.0,0.0,0.0,1.0,0.0,6,1.0
18.59686633753783,0.0,1e-08,0.0,0.99999999,0.0,0.6666666666666666,0.0,0.0,-6.51632476732351,-6.516306057638173,0.9999812904896871,18.21074750294994,7,1.0
0.0,0.0,1.0,0.0,0.0,0.0,1.0,0.0,0.0,0.0,0.0,1.0,0.0,8,1.0
27.29709968641301,0.0,1e-08,0.0,0.99999999,0.0,0.6666666666666666,0.0,0.0,-12.9233669173448,-12.92337829886478,1.0,26.97186516361813,9,1.0
0.0,0.0,1.0,0.0,0.0,0.0,1.0,0.0,0.0,0.0,0.0,1.0,0.0,10,1.0
8.890962922489354,0.0,1e-08,1.201352035862068,0.99999999,0.0,0.6666666666666666,0.0,0.0,-8.380643077542109,-8.380667541566167,1.0,8.937774664561477,11,1.0
0.0,0.0,1.0,0.0,0.0,0.0,1.0,0.0,0.0,0.0,0.0,1.0,0.0,12,1.0
0.0,0.0,1.0,0.0,0.0,0.0,1.0,0.0,0.0,0.0,0.0,1.0,0.0,13,1.0
0.0,0.0,1.0,0.0,0.0,0.0,1.0,0.0,0.0,0.0,0.0,1.0,0.0,14,1.0
9.438482254035696,0.0,1e-08,2.744771804347887,0.99999999,0.0,0.6666666666666666,0.0,0.0,-8.814292323312788,-8.814353573007073,1.0,9.394599730280573,15,1.0
0.0,0.0,1.0,0.0,0.0,0.0,1.0,0.0,0.0,0.0,0.0,1.0,0.0,16,1.0
0.0,0.0,1.0,0.0,0.0,0.0,1.0,0.0,0.0,0.0,0.0,1.0,0.0,17,1.0
0.0,0.0,1e-08,3.3739263775032,0.99999999,0.686712895181639,0.3822933569092338,0.0,0.0,-8.596679847981257,-8.597202140418451,1.0,0.0,18,1.0
9.592720587074233,0.0,1e-08,1.487631876760424,0.99999999,0.0,0.6666666666666666,0.0,0.0,-8.29671371060179,-8.296867276980002,1.0,9.942342013286698,19,1.0
0.0,0.0,1.0,0.0,0.0,0.0,1.0,0.0,0.0,0.0,0.0,1.0,0.0,20,1.0
0.0,0.0,1.0,0.0,0.0,0.0,1.0,0.0,0.0,0.0,0.0,1.0,0.0,21,1.0
0.0,0.0,1.0,0.0,0.0,0.0,1.0,0.0,0.0,0.0,0.0,1.0,0.0,22,1.0
42.2115551104796,0.0,1e-08,0.0,0.99999999,0.0,0.6666666666666666,0.0,0.0,-10.72897457637453,-10.7290010850019,1.0,42.32940781205879,23,1.0
15.2028506364712,0.0,1e-08,0.0,0.99999999,0.0,0.6666666666666666,0.0,0.0,-9.894444332946142,-9.894372717591898,0.9999283872100704,15.48944334714718,24,1.0
0.005263941379588386,0.0001710679344819118,1e-08,4.36634406069562,0.99999999,0.6181720473571701,0.3986946721524119,0.0,0.0,-8.78799472269516,-8.787855451995066,0.9998607389976123,0.0,25,1.0
0.0,0.0,1.0,0.0,0.0,0.0,1.0,0.0,0.0,0.0,0.0,1.0,0.0,26,1.0
0.0,0.0,1.0,0.0,0.0,0.0,1.0,0.0,0.0,0.0,0.0,1.0,0.0,27,1.0
0.0,0.0,1.0,0.0,0.0,0.0,1.0,0.0,0.0,0.0,0.0,1.0,0.0,28,1.0
0.0,0.0,1.0,0.0,0.0,0.0,1.0,0.0,0.0,0.0,0.0,1.0,0.0,29,1.0
0.0,0.0,1.0,0.0,0.0,0.0,1.0,0.0,0.0,0.0,0.0,1.0,0.0,30,1.0
0.0,0.0,1e-08,3.740474571399558,0.99999999,0.7534888387592389,0.3671790138775503,0.0,0.0,-8.933446344684707,-8.9335275855386,1.0,0.0,31,1.0
43.46937165867175,10.82821731448863,1e-08,10.24835536620452,0.99999999,0.0,0.6666666666666666,0.0,0.0,-30.95242651086927,-30.95396279391948,1.0,44.74642898020643,32,1.0
0.0,0.0,1e-08,816.4314428207322,0.99999999,2.650978543148241,0.1284592643725119,1.0,0.0,-12.64523947749948,-11.51858982301923,0.3241173444312124,0.0,33,1.0
0.0,0.0,1.0,0.0,0.0,0.0,1.0,0.0,0.0,0.0,0.0,1.0,0.0,34,1.0
0.0,0.0,1e-08,10.45832569472999,0.99999999,0.699244998383822,0.3793944427232566,1.0,0.0,-9.33343650218373,-9.327747981147697,0.9943276279636417,0.0,35,1.0
11.68570633978086,4.623763244922067,1e-08,4.491844137279965,0.99999999,0.0,0.6666666666666666,0.0,0.0,-11.84208705150662,-11.84286032481056,1.0,12.19905430875614,36,1.0
13.62604037704887,0.0,1e-08,0.0,0.99999999,0.0,0.6666666666666666,0.0,0.0,-8.326545904145705,-8.326366073713803,0.9998201857366115,13.79672842416813,37,1.0
18.46807187574342,0.7056736766932664,1e-08,31.02075007215705,0.99999999,0.02325514793353989,0.6260665458934762,0.0,0.0,-16.18234137336291,-16.13558374382558,0.9543186682174325,18.30767538931848,38,1.0
0.0,0.0,1.0,0.0,0.0,0.0,1.0,0.0,0.0,0.0,0.0,1.0,0.0,39,1.0
0.0,0.0,1.0,0.0,0.0,0.0,1.0,0.0,0.0,0.0,0.0,1.0,0.0,40,1.0
13.39469464670525,0.0,1e-08,0.0,0.99999999,0.0,0.6666666666666666,0.0,0.0,-5.98758629372692,-5.988055904991395,1.0,12.76484190600346,41,1.0
34.47251141027306,0.0,1e-08,0.0,0.99999999,0.0,0.6666666666666666,0.0,0.0,-8.100949180378397,-8.100927072280292,0.9999778921462769,34.35456607683897,42,1.0
0.0,0.0,1.0,0.0,0.0,0.0,1.0,0.0,0.0,0.0,0.0,1.0,0.0,43,1.0
0.0,0.0,1.0,0.0,0.0,0.0,1.0,0.0,0.0,0.0,0.0,1.0,0.0,44,1.0
0.0,0.0,1.0,0.0,0.0,0.0,1.0,0.0,0.0,0.0,0.0,1.0,0.0,45,1.0
6.105483695785069,0.0,1e-08,1.441709701569296,0.99999999,0.0,0.6666666666666666,0.0,0.0,-9.430661593848018,-9.430669742551533,1.0,6.12956605581318,46,1.0
0.0,0.0,1.0,0.0,0.0,0.0,1.0,0.0,0.0,0.0,0.0,1.0,0.0,47,1.0
0.0,0.0,1.0,0.0,0.0,0.0,1.0,0.0,0.0,0.0,0.0,1.0,0.0,48,1.0
9.080086534780655,0.0,1e-08,1.091442299715444,0.99999999,0.0,0.6666666666666666,0.0,0.0,-7.646737157767871,-7.646737876638586,1.0,9.136065756513288,49,1.0
0.0,0.0,1.0,0.0,0.0,0.0,1.0,0.0,0.0,0.0,0.0,1.0,0.0,50,1.0
14.33295510467465,0.0,1e-08,0.0,0.99999999,0.0,0.6666666666666666,0.0,0.0,-11.38969551364389,-11.38985310850482,1.0,14.47868260639139,51,1.0
0.0,0.0,1.0,0.0,0.0,0.0,1.0,0.0,0.0,0.0,0.0,1.0,0.0,52,1.0
12.49119128853407,0.0,1e-08,2.929417486038954,0.99999999,0.0,0.6666666666666666,0.0,0.0,-8.747585015922743,-8.74782679926075,1.0,12.23394311083744,53,1.0
8.806503731028615,0.0,1e-08,1.198343518871932,0.99999999,0.0,0.6666666666666666,0.0,0.0,-8.069832543694998,-8.069862158711704,1.0,8.85251757342183,54,1.0
11.7575390871079,0.0,1e-08,2.61534018412576,0.99999999,0.0,0.6666666666666666,0.0,0.0,-7.99236373892844,-7.992796128352529,1.0,11.36210972696305,55,1.0
10.98757097197863,0.0,1e-08,1.479352808754022,0.99999999,0.0,0.6666666666666666,0.0,0.0,-11.02981576469238,-11.02987585559216,1.0,10.80115098314152,56,1.0
23.49392875726898,0.0,1e-08,0.0,0.99999999,0.0,0.6666666666666666,0.0,0.0,-11.63771394463864,-11.63779310243503,1.0,23.18172608647288,57,1.0
0.0,0.0,1.0,0.0,0.0,0.0,1.0,0.0,0.0,0.0,0.0,1.0,0.0,58,1.0
0.0,0.0,1.0,0.0,0.0,0.0,1.0,0.0,0.0,0.0,0.0,1.0,0.0,59,1.0
16.85878931904736,0.0,1e-08,0.0,0.99999999,0.0,0.6666666666666666,0.0,0.0,-10.15141772155511,-10.15148340795695,1.0,17.0613276834694,60,1.0
0.0,0.0,1.0,0.0,0.0,0.0,1.0,0.0,0.0,0.0,0.0,1.0,0.0,61,1.0
7.173655232773602,0.0,1e-08,1.416430311153459,0.99999999,0.0,0.6666666666666666,0.0,0.0,-8.485481514539202,-8.485500584155723,1.0,7.142509216023284,62,1.0
0.0,0.0,1.0,0.0,0.0,0.0,1.0,0.0,0.0,0.0,0.0,1.0,0.0,63,1.0
0.0,0.0,1.0,0.0,0.0,0.0,1.0,0.0,0.0,0.0,0.0,1.0,0.0,64,1.0
0.0,0.0,1.0,0.0,0.0,0.0,1.0,0.0,0.0,0.0,0.0,1.0,0.0,65,1.0
8.277303749400321,0.0,1e-08,1.319063874355266,0.99999999,0.0,0.6666666666666666,0.0,0.0,-7.983156881025874,-7.983217062482996,1.0,8.365712306439944,66,1.0
0.0,0.0,1.0,0.0,0.0,0.0,1.0,0.0,0.0,0.0,0.0,1.0,0.0,67,1.0
0.0,0.0,1.0,0.0,0.0,0.0,1.0,0.0,0.0,0.0,0.0,1.0,0.0,68,1.0
0.0,0.0,1.0,0.0,0.0,0.0,1.0,0.0,0.0,0.0,0.0,1.0,0.0,69,1.0
19.0173578555174,0.0,1e-08,0.0,0.99999999,0.0,0.6666666666666666,0.0,0.0,-9.271892051040162,-9.271988995357706,1.0,19.31206586583108,70,1.0
13.81078866473158,0.0,1e-08,878.0880654015941,0.99999999,2.146084051482603,0.1682679890430601,1.0,0.0,-16.05420096765006,-14.86843290933479,0.3055114387259164,13.31464837233336,71,1.0
11.38429346039104,0.0,1e-08,1.559630839787073,0.99999999,0.0,0.6666666666666666,0.0,0.0,-12.48166518634582,-12.48186768515318,1.0,11.20649301025523,72,1.0
33.40595085957424,0.0,1e-08,0.0,0.99999999,0.0,0.6666666666666666,0.0,0.0,-9.825190206669218,-9.825290877136224,1.0,33.98073391555788,73,1.0
0.0,0.0,1.0,0.0,0.0,0.0,1.0,0.0,0.0,0.0,0.0,1.0,0.0,74,1.0
0.0,0.0,1e-08,704.7304018247833,0.99999999,3.10483036170476,0.101054633093808,1.0,0.0,-12.6245694509967,-11.47843794291265,0.3178640484553534,0.0,75,1.0
0.0,0.0,1e-08,910.3704410499138,0.99999999,2.870596583356587,0.1143463543996932,1.0,0.0,-10.78408488535019,-9.641621823276427,0.3190322570008063,0.0,76,1.0
39.00067984276264,7.519858145593874,1e-08,7.308287255497143,0.99999999,0.0,0.6666666666666666,0.0,0.0,-20.70148187557057,-20.70392130176803,1.0,41.2370640539182,77,1.0
10.55230224495155,0.0,1e-08,2.674460905121103,0.99999999,0.0,0.6666666666666666,0.0,0.0,-8.030213585156112,-8.03031701712032,1.0,10.40162054570956,78,1.0
0.0,0.0,1.0,0.0,0.0,0.0,1.0,0.0,0.0,0.0,0.0,1.0,0.0,79,1.0
0.0,0.0,1.0,0.0,0.0,0.0,1.0,0.0,0.0,0.0,0.0,1.0,0.0,80,1.0
0.0,0.0,1e-08,4.252123685369472,0.99999999,0.6126352329912557,0.4000618776819848,1.0,0.0,-8.107879712422662,-8.107968746271723,1.0,0.0,81,1.0
9.712420334713908,0.0,1e-08,1.453649179455821,0.99999999,0.0,0.6666666666666666,0.0,0.0,-7.596494444443282,-7.596438679230485,0.9999442363420509,9.656218317436435,82,1.0
0.0,0.0,1.0,0.0,0.0,0.0,1.0,0.0,0.0,0.0,0.0,1.0,0.0,83,1.0
0.0,0.0,1.0,0.0,0.0,0.0,1.0,0.0,0.0,0.0,0.0,1.0,0.0,84,1.0
42.9095656742109,0.0,1e-08,804.6761963168328,0.99999999,1.509401007297775,0.2381580005390078,1.0,0.0,-19.02965321648801,-17.99429439172207,0.355098939734331,33.28409252901636,85,1.0
0.0,0.0,1.0,0.0,0.0,0.0,1.0,0.0,0.0,0.0,0.0,1.0,0.0,86,1.0
0.0,0.0,1.0,0.0,0.0,0.0,1.0,0.0,0.0,0.0,0.0,1.0,0.0,87,1.0
0.0,0.0,1e-08,4.709436619885941,0.99999999,1.115697289868834,0.2971484440286896,0.0,0.0,-8.789357978074985,-8.78971629600165,1.0,0.0,88,1.0
0.0,0.0,1.0,0.0,0.0,0.0,1.0,0.0,0.0,0.0,0.0,1.0,0.0,89,1.0
0.0,0.0,1.0,0.0,0.0,0.0,1.0,0.0,0.0,0.0,0.0,1.0,0.0,90,1.0
0.0,0.0,1.0,0.0,0.0,0.0,1.0,0.0,0.0,0.0,0.0,1.0,0.0,91,1.0
14.52411449813118,0.0,1e-08,0.0,0.99999999,0.0,0.6666666666666666,0.0,0.0,-13.34215000810975,-13.34225681254614,1.0,14.67693215225314,92,1.0
6.690752042857574,0.0,1e-08,1.481845914003645,0.99999999,0.0,0.6666666666666666,0.0,0.0,-12.44752631805475,-12.44763749369208,1.0,6.589159591151744,93,1.0
0.0,0.0,1.0,0.0,0.0,0.0,1.0,0.0,0.0,0.0,0.0,1.0,0.0,94,1.0
0.0,0.0,1.0,0.0,0.0,0.0,1.0,0.0,0.0,0.0,0.0,1.0,0.0,95,1.0
0.0,0.0,1.0,0.0,0.0,0.0,1.0,0.0,0.0,0.0,0.0,1.0,0.0,96,1.0
0.0,0.0,1e-08,19.78530701894007,0.99999999,3.930499093466338,0.06560302989866784,1.0,0.0,-18.3083483582916,-18.29763027015035,0.9893391459025486,0.0,97,1.0
0.0,0.0,1.0,0.0,0.0,0.0,1.0,0.0,0.0,0.0,0.0,1.0,0.0,98,1.0
0.0,0.0,1.0,0.0,0.0,0.0,1.0,0.0,0.0,0.0,0.0,1.0,0.0,99,1.0
0.0,0.0,1.0,0.0,0.0,0.0,1.0,0.0,0.0,0.0,0.0,1.0,0.0,100,1.0
0.0,0.0,1.0,0.0,0.0,0.0,1.0,0.0,0.0,0.0,0.0,1.0,0.0,101,1.0
0.0,0.0,1.0,0.0,0.0,0.0,1.0,0.0,0.0,0.0,0.0,1.0,0.0,102,1.0
0.0,0.0,1.0,0.0,0.0,0.0,1.0,0.0,0.0,0.0,0.0,1.0,0.0,103,1.0
0.0,0.0,1.0,0.0,0.0,0.0,1.0,0.0,0.0,0.0,0.0,1.0,0.0,104,1.0
0.0,0.0,1.0,0.0,0.0,0.0,1.0,0.0,0.0,0.0,0.0,1.0,0.0,105,1.0
15.18615000388807,0.0,1e-08,0.0,0.99999999,0.0,0.6666666666666666,0.0,0.0,-11.88542390390563,-11.88545005370109,1.0,15.48944334714718,106,1.0
49.58732539027169,0.0,1e-08,0.0,0.99999999,0.0,0.6666666666666666,0.0,0.0,-17.15823289631213,-17.15825427055826,1.0,49.19938177654178,107,1.0
0.0,0.0,1.0,0.0,0.0,0.0,1.0,0.0,0.0,0.0,0.0,1.0,0.0,108,1.0
4.379188718607732,0.0,1e-08,1.294351214753981,0.99999999,0.0,0.6666666666666666,0.0,0.0,-8.732730543431648,-8.73301928869318,1.0,4.455298110026938,109,1.0
0.0,0.0,1.0,0.0,0.0,0.0,1.0,0.0,0.0,0.0,0.0,1.0,0.0,110,1.0
19.89353032157441,0.0,1e-08,0.0,0.99999999,0.0,0.6666666666666666,0.0,0.0,-7.106485348292678,-7.10677693669894,1.0,20.2967918630259,111,1.0
0.0,0.0,1.0,0.0,0.0,0.0,1.0,0.0,0.0,0.0,0.0,1.0,0.0,112,1.0
0.0,0.0,1.0,0.0,0.0,0.0,1.0,0.0,0.0,0.0,0.0,1.0,0.0,113,1.0
19.50706491545537,0.0,1e-08,0.0,0.99999999,0.0,0.6666666666666666,0.0,0.0,-9.279523289325809,-9.279543780174235,1.0,19.31206586583108,114,1.0
0.0,0.0,1.0,0.0,0.0,0.0,1.0,0.0,0.0,0.0,0.0,1.0,0.0,115,1.0
13.55877055751643,0.0,1e-08,0.0,0.99999999,0.0,0.6666666666666666,0.0,0.0,-8.343111452179189,-8.34290020635868,0.9997887764903073,13.79672842416813,116,1.0
8.792991159552525,0.0,1e-08,1.598556449897389,0.99999999,0.0,0.6666666666666666,0.0,0.0,-8.892100270333591,-8.892173082578818,1.0,8.704707949113892,117,1.0
0.0,0.0,1.0,0.0,0.0,0.0,1.0,0.0,0.0,0.0,0.0,1.0,0.0,118,1.0
27.67415073910075,0.0,1e-08,0.0,0.99999999,0.0,0.6666666666666666,0.0,0.0,-10.07549177065049,-10.07552477275045,1.0,27.85902553734052,119,1.0
13.42983500555907,0.0,1e-08,0.0,0.99999999,0.0,0.6666666666666666,0.0,0.0,-11.88335829728558,-11.88341660763666,1.0,13.38152213042853,120,1.0
0.0,0.0,1.0,0.0,0.0,0.0,1.0,0.0,0.0,0.0,0.0,1.0,0.0,121,1.0
13.66051480369148,0.0,1e-08,0.0,0.99999999,0.0,0.6666666666666666,0.0,0.0,-6.527943312604378,-6.52796725859996,1.0,13.79672842416813,122,1.0
0.0,0.0,1.0,0.0,0.0,0.0,1.0,0.0,0.0,0.0,0.0,1.0,0.0,123,1.0
0.0,0.0,1.0,0.0,0.0,0.0,1.0,0.0,0.0,0.0,0.0,1.0,0.0,124,1.0
0.0,0.0,1.0,0.0,0.0,0.0,1.0,0.0,0.0,0.0,0.0,1.0,0.0,125,1.0
0.0,0.0,1e-08,4.252123685369472,0.99999999,0.5882667167273432,0.4061586524315295,0.0,0.0,-9.526634125270771,-9.526742035935431,1.0,0.0,126,1.0
20.02837887716141,0.0,1e-08,0.0,0.99999999,0.0,0.6666666666666666,0.0,0.0,-6.993981233686023,-6.994009274009933,1.0,19.71757614669926,127,1.0
0.0,0.0,1.0,0.0,0.0,0.0,1.0,0.0,0.0,0.0,0.0,1.0,0.0,128,1.0
0.0,0.0,1.0,0.0,0.0,0.0,1.0,0.0,0.0,0.0,0.0,1.0,0.0,129,1.0
9.832127120509545,0.0,1e-08,2.706225053640889,0.99999999,0.0,0.6666666666666666,0.0,0.0,-6.50789501627473,-6.507995594404614,1.0,10.01023874699784,130,1.0
0.0,0.0,1.0,0.0,0.0,0.0,1.0,0.0,0.0,0.0,0.0,1.0,0.0,131,1.0
30.05481310674746,0.0,1e-08,804.9233051346981,0.99999999,1.564519223304181,0.2310042556221593,1.0,0.0,-17.54632436412946,-16.55754227650241,0.372029514532627,30.42795934848808,132,1.0
0.0,0.0,1.0,0.0,0.0,0.0,1.0,0.0,0.0,0.0,0.0,1.0,0.0,133,1.0
15.80674137873435,0.0,1e-08,0.0,0.99999999,0.0,0.6666666666666666,0.0,0.0,-13.02239336929194,-13.022347994096,0.9999546258334961,15.52194479445705,134,1.0
0.0,0.0,1.0,0.0,0.0,0.0,1.0,0.0,0.0,0.0,0.0,1.0,0.0,135,1.0
19.56279866787566,0.0,1e-08,0.0,0.99999999,0.0,0.6666666666666666,0.0,0.0,-10.23358090789081,-10.23364058067798,1.0,19.31206586583108,136,1.0
0.0,0.0,1e-08,43.82971942064314,0.99999999,0.8202073418010158,0.3528490645362767,1.0,0.0,-9.456230198226569,-9.39394135342136,0.9396114457026563,0.0,137,1.0
0.0,0.0,1e-08,6.962867772522954,0.99999999,0.7278668660473038,0.3728830480483815,1.0,0.0,-9.303969347399864,-9.30039057926197,0.9964276280202155,0.0,138,1.0
39.53782387513994,0.0,1e-08,0.0,0.99999999,0.0,0.6666666666666666,0.0,0.0,-11.89616550646093,-11.8961009252516,0.9999354208759884,39.23996168511486,139,1.0
0.005263941379588386,0.0001710679344819118,1e-08,4.36634406069562,0.99999999,0.6181720473571701,0.3986946721524119,0.0,0.0,-8.78799472269516,-8.787855451995066,0.9998607389976123,0.0,140,1.0
19.54539163330944,0.0,1e-08,0.0,0.99999999,0.0,0.6666666666666666,0.0,0.0,-9.204995845325795,-9.20501990316161,1.0,19.31206586583108,141,1.0
0.0,0.0,1e-08,8.918878957711659,0.99999999,1.25029962169496,0.2752817014114804,0.0,0.0,-12.76828526241242,-12.76836501392985,1.0,0.0,142,1.0
40.6990205116495,0.0,1e-08,0.0,0.99999999,0.0,0.6666666666666666,0.0,0.0,-19.57561762883902,-19.5755942912681,0.9999766627013984,40.48901840968681,143,1.0
17.31697817246235,0.0,1e-08,0.0,0.99999999,0.0,0.6666666666666666,0.0,0.0,-12.6014975879483,-12.60151101978713,1.0,17.33196510190045,144,1.0
17.07938078034598,0.0,1e-08,0.0,0.99999999,0.0,0.6666666666666666,0.0,0.0,-13.00963522228956,-13.00968323502602,1.0,16.96676915756775,145,1.0
0.0,0.0,1.0,0.0,0.0,0.0,1.0,0.0,0.0,0.0,0.0,1.0,0.0,146,1.0
0.0,0.0,1e-08,116.1159525311145,0.99999999,1.990912091293357,0.1829771166139547,2.0,0.0,-15.84462915816605,-15.53990500685474,0.7373267369415625,0.0,147,1.0
0.0,0.0,1.0,0.0,0.0,0.0,1.0,0.0,0.0,0.0,0.0,1.0,0.0,148,1.0
13.08630114192286,0.0,1e-08,0.0,0.99999999,0.0,0.6666666666666666,0.0,0.0,-8.69848186729476,-8.698769799553464,1.0,13.4057353515222,149,1.0
0.0,0.0,1.0,0.0,0.0,0.0,1.0,0.0,0.0,0.0,0.0,1.0,0.0,150,1.0
8.748984091051591,0.0,1e-08,1.50248658790051,0.99999999,0.0,0.6666666666666666,0.0,0.0,-11.27174707856587,-11.27173359949277,0.9999865210177412,8.704707949113892,151,1.0
61.5911304373415,0.0,1e-08,55.60355052956591,0.99999999,0.0,0.6666666666666666,0.0,0.0,-22.75148958273704,-21.87276883462594,0.4153138630123026,60.3937627020963,152,1.0
9.944672420871818,0.0,1e-08,2.141122917600806,0.99999999,0.0,0.6666666666666666,0.0,0.0,-8.608352683310768,-8.608353697246645,1.0,9.942342013286698,153,1.0
17.51407856374871,0.0,1e-08,22.88560112175265,0.99999999,0.02577749991056066,0.6237045868305082,1.0,0.0,-20.89829488294079,-20.71334186291361,0.8311433300172022,17.9820614725736,154,1.0
0.0,0.0,1.0,0.0,0.0,0.0,1.0,0.0,0.0,0.0,0.0,1.0,0.0,155,1.0
0.0,0.0,1.0,0.0,0.0,0.0,1.0,0.0,0.0,0.0,0.0,1.0,0.0,156,1.0
7.817062067847992,0.0,1e-08,1.159394074606925,0.99999999,0.0,0.6666666666666666,0.0,0.0,-8.193907113679725,-8.193938240640609,1.0,7.854241465040309,157,1.0
9.810914897236088,0.0,1e-08,1.903418725778854,0.99999999,0.0,0.6666666666666666,0.0,0.0,-8.912128149345525,-8.912063113236059,0.9999349660053318,9.942342013286698,158,1.0
12.37815554542048,0.0,1e-08,2.47796223356179,0.99999999,0.0,0.6666666666666666,0.0,0.0,-6.839923666359617,-6.83974475864013,0.9998211082835352,12.0079550487118,159,1.0
4.248163253558098,0.0,1e-08,0.7463584555086775,0.99999999,0.0,0.6666666666666666,0.0,0.0,-11.74064865406752,-11.74067375173527,1.0,4.287395993930488,160,1.0
13.97108563643476,8.605144800310187,1e-08,7.543047932106727,0.99999999,0.0,0.6666666666666666,0.0,0.0,-22.63957164821589,-22.64052535290282,1.0,14.28406293138438,161,1.0
0.0,0.0,1e-08,52.96886333013634,0.99999999,2.796486190010217,0.1189192250681855,1.0,0.0,-12.1619098140339,-11.13008235267385,0.3563551398799193,0.0,162,1.0
0.0,0.0,1.0,0.0,0.0,0.0,1.0,0.0,0.0,0.0,0.0,1.0,0.0,163,1.0
11.54641499811403,4.954713471000495,1e-08,5.083416716883352,0.99999999,0.0,0.6666666666666666,0.0,0.0,-17.53680622033291,-17.5368176812213,1.0,11.60148385501406,164,1.0
0.0,0.0,1e-08,21.59444163401832,0.99999999,1.6857063481593,0.2160932429681234,2.0,0.0,-20.33445393960164,-20.29129180182971,0.9577560890367651,0.0,165,1.0
11.57492435832021,0.0,1e-08,2.502751387867638,0.99999999,0.0,0.6666666666666666,0.0,0.0,-10.42888161837798,-10.42926864329851,1.0,11.31222529841636,166,1.0
0.0,0.0,1.0,0.0,0.0,0.0,1.0,0.0,0.0,0.0,0.0,1.0,0.0,167,1.0
0.0,0.0,1e-08,353.0294492965387,0.99999999,1.935563686621105,0.1885510833885526,1.0,0.0,-10.08101823517824,-9.406324567335137,0.509312415458472,0.0,168,1.0
0.0,0.0,1.0,0.0,0.0,0.0,1.0,0.0,0.0,0.0,0.0,1.0,0.0,169,1.0
0.0,0.0,1.0,0.0,0.0,0.0,1.0,0.0,0.0,0.0,0.0,1.0,0.0,170,1.0
6.500465231848615,0.0,1e-08,1.508436785894497,0.99999999,0.0,0.6666666666666666,0.0,0.0,-10.86482111417516,-10.86483491931691,1.0,6.486710376693988,171,1.0
0.0,0.0,1.0,0.0,0.0,0.0,1.0,0.0,0.0,0.0,0.0,1.0,0.0,172,1.0
6.435024801249945,0.0,1e-08,1.516536974750901,0.99999999,0.0,0.6666666666666666,0.0,0.0,-10.83899204485194,-10.83896016798523,0.9999681236413496,6.324587225952118,173,1.0
6.51303331016163,0.0,1e-08,1.371579021178193,0.99999999,0.0,0.6666666666666666,0.0,0.0,-8.436400151157144,-8.436426875685807,1.0,6.486710376693988,174,1.0
50.00856117827151,0.0,1e-08,0.0,0.99999999,0.0,0.6666666666666666,0.0,0.0,-16.68788001383409,-16.68786324937976,0.9999832356861922,50.17307609264994,175,1.0
17.44804981853872,0.0,1e-08,0.0,0.99999999,0.0,0.6666666666666666,0.0,0.0,-13.63790950206199,-13.63791656277804,1.0,17.36577448651269,176,1.0
0.0,0.0,1e-08,4.060881492020982,0.99999999,0.5872884234895501,0.406406166203667,0.0,0.0,-7.003002427280185,-7.002922829578689,0.9999204054663131,0.0,177,1.0
0.0,0.0,1.0,0.0,0.0,0.0,1.0,0.0,0.0,0.0,0.0,1.0,0.0,178,1.0
26.61382820765774,4.686744701009289,1e-08,3.642713866721805,0.99999999,0.0,0.6666666666666666,0.0,0.0,-14.63478860237362,-14.63638199451771,1.0,27.0927322376078,179,1.0
21.27766128688286,0.0,1e-08,0.0,0.99999999,0.0,0.6666666666666666,0.0,0.0,-10.47814545584401,-10.4781930327879,1.0,21.18442241890899,180,1.0
0.0,0.0,1.0,0.0,0.0,0.0,1.0,0.0,0.0,0.0,0.0,1.0,0.0,181,1.0
0.0,0.0,1e-08,7.308326808053804,0.99999999,1.425642729733237,0.2495047094449073,1.0,0.0,-11.75982664832213,-11.75992809294642,1.0,0.0,182,1.0
0.0,0.0,1e-08,3.897157915704955,0.99999999,0.7795680090990942,0.3614898020465747,0.0,0.0,-8.990948360777262,-8.991419402619337,1.0,0.0,183,1.0
71.6451169842062,0.0,1e-08,0.0,0.99999999,0.0,0.6666666666666666,0.0,0.0,-9.986018921594354,-9.986018060826419,0.9999991392324352,71.73968572948046,184,1.0
0.0,0.0,1.0,0.0,0.0,0.0,1.0,0.0,0.0,0.0,0.0,1.0,0.0,185,1.0
0.0,0.0,1e-08,12.88520308359921,0.99999999,1.32108228665868,0.264529002420511,1.0,0.0,-14.80337503208001,-14.80342969599042,1.0,0.0,186,1.0
25.85363983221576,0.0,1e-08,0.0,0.99999999,0.0,0.6666666666666666,0.0,0.0,-14.50625057895125,-14.5062521601442,1.0,25.916546619107,187,1.0
11.22482381719142,5.992602586754786,1e-08,8.763735511805782,0.99999999,0.0,0.6666666666666666,0.0,0.0,-21.6482159181043,-21.64933021616173,1.0,11.03493362576616,188,1.0
8.871211342707324,0.0,1e-08,1.362869323786844,0.99999999,0.0,0.6666666666666666,0.0,0.0,-11.67887727545125,-11.67895272434927,1.0,9.07849433717798,189,1.0
4.379188718607732,0.0,1e-08,1.294351214753981,0.99999999,0.0,0.6666666666666666,0.0,0.0,-8.732730543431648,-8.73301928869318,1.0,4.455298110026938,190,1.0
0.0,0.0,1.0,0.0,0.0,0.0,1.0,0.0,0.0,0.0,0.0,1.0,0.0,191,1.0
0.0,0.0,1e-08,10.55765750340214,0.99999999,1.720667814116595,0.2119897616080755,1.0,0.0,-18.28507931738394,-18.28508833209442,1.0,0.0,192,1.0
0.0,0.0,1.0,0.0,0.0,0.0,1.0,0.0,0.0,0.0,0.0,1.0,0.0,193,1.0
0.0,0.0,1.0,0.0,0.0,0.0,1.0,0.0,0.0,0.0,0.0,1.0,0.0,194,1.0
0.0,0.0,1.0,0.0,0.0,0.0,1.0,0.0,0.0,0.0,0.0,1.0,0.0,195,1.0
6.589942149388126,0.0,1e-08,0.8906157261686085,0.99999999,0.0,0.6666666666666666,0.0,0.0,-9.615921736877075,-9.616128207642271,1.0,6.765917845394914,196,1.0
12.12801540399406,0.0,1e-08,1.649132347084315,0.99999999,0.0,0.6666666666666666,0.0,0.0,-13.09074677497579,-13.09080732375704,1.0,12.23394311083744,197,1.0
0.0,0.0,1e-08,4.4900773284766,0.99999999,0.4941297245171121,0.4310269440568145,0.0,0.0,-7.891537700263491,-7.891468144897102,0.9999304470525257,0.0,198,1.0
6.276488411955606,0.0,1e-08,1.265789265689419,0.99999999,0.0,0.6666666666666666,0.0,0.0,-10.04766314565415,-10.047747526589,1.0,6.378920680996352,199,1.0
0.0,0.0,1.0,0.0,0.0,0.0,1.0,0.0,0.0,0.0,0.0,1.0,0.0,200,1.0
0.0,0.0,1.0,0.0,0.0,0.0,1.0,0.0,0.0,0.0,0.0,1.0,0.0,201,1.0
11.53565647337312,0.0,1e-08,156.1452604451747,0.99999999,0.5575248764508771,0.4140416404965841,1.0,0.0,-14.81433479109029,-14.49286804512379,0.7250847416045347,13.55162049588766,202,1.0
14.23477107825036,3.222122007410999,1e-08,3.668978349878947,0.99999999,0.0,0.6666666666666666,0.0,0.0,-13.48952977051073,-13.48965688579086,1.0,14.21209861632885,203,1.0
0.0,0.0,1.0,0.0,0.0,0.0,1.0,0.0,0.0,0.0,0.0,1.0,0.0,204,1.0
0.0,0.0,1.0,0.0,0.0,0.0,1.0,0.0,0.0,0.0,0.0,1.0,0.0,205,1.0
0.0,0.0,1e-08,3.897157915704955,0.99999999,0.7795680090990942,0.3614898020465747,0.0,0.0,-8.990948360777262,-8.991419402619337,1.0,0.0,206,1.0
0.0,0.0,1.0,0.0,0.0,0.0,1.0,0.0,0.0,0.0,0.0,1.0,0.0,207,1.0
0.0,0.0,1.0,0.0,0.0,0.0,1.0,0.0,0.0,0.0,0.0,1.0,0.0,208,1.0
0.0,0.0,1.0,0.0,0.0,0.0,1.0,0.0,0.0,0.0,0.0,1.0,0.0,209,1.0
6.840035908263416,0.0,1e-08,1.314052032296913,0.99999999,0.0,0.6666666666666666,0.0,0.0,-6.950511934728925,-6.950512195163101,1.0,6.809890291447789,210,1.0
8.66006124186524,0.0,1e-08,1.193018192682778,0.99999999,0.0,0.6666666666666666,0.0,0.0,-9.582382437735005,-9.582403830709488,1.0,8.704707949113892,211,1.0
0.0,0.0,1.0,0.0,0.0,0.0,1.0,0.0,0.0,0.0,0.0,1.0,0.0,212,1.0
16.82198620488707,13.30947224025466,1e-08,14.77247720706932,0.99999999,0.0,0.6666666666666666,0.0,0.0,-24.78428404481105,-24.79357826730023,1.0,15.22074286030904,213,1.0
6.583646723716418,0.0,1e-08,1.173509743927067,0.99999999,0.0,0.6666666666666666,0.0,0.0,-7.841624183047704,-7.841742893855251,1.0,6.65057511894281,214,1.0
13.5672028855002,0.6599100514576988,1e-08,14.94974863602933,0.99999999,0.009733226190782318,0.6413097330514083,0.0,0.0,-23.72737876567966,-23.72722599304965,0.9998472390391264,13.66507163682003,215,1.0
0.0,0.0,1.0,0.0,0.0,0.0,1.0,0.0,0.0,0.0,0.0,1.0,0.0,216,1.0
0.0,0.0,1.0,0.0,0.0,0.0,1.0,0.0,0.0,0.0,0.0,1.0,0.0,217,1.0
48.83976618835988,0.0,1e-08,0.0,0.99999999,0.0,0.6666666666666666,0.0,0.0,-16.70490243457564,-16.70508764011476,1.0,48.15106935332185,218,1.0
0.0,0.0,1.0,0.0,0.0,0.0,1.0,0.0,0.0,0.0,0.0,1.0,0.0,219,1.0
11.05687615690649,6.129943006797744,1e-08,10.16239921003066,0.99999999,0.0,0.6666666666666666,0.0,0.0,-21.43532657803347,-21.43354405463301,0.9982190643507415,11.17117158977918,220,1.0
0.0,0.0,1.0,0.0,0.0,0.0,1.0,0.0,0.0,0.0,0.0,1.0,0.0,221,1.0
0.0,0.0,1e-08,10.47834984173913,0.99999999,1.410569815053222,0.2516100807854601,1.0,0.0,-12.63658370952154,-12.63664771975455,1.0,0.0,222,1.0
12.48461076055466,0.0,1e-08,127.7956931676197,0.99999999,0.5867348813899405,0.4065463111724975,1.0,0.0,-14.87312331795413,-14.45854786302853,0.6606206844187444,13.73753251837634,223,1.0
0.0,0.0,1.0,0.0,0.0,0.0,1.0,0.0,0.0,0.0,0.0,1.0,0.0,224,1.0
0.0,0.0,1.0,0.0,0.0,0.0,1.0,0.0,0.0,0.0,0.0,1.0,0.0,225,1.0
0.0,0.0,1.0,0.0,0.0,0.0,1.0,0.0,0.0,0.0,0.0,1.0,0.0,226,1.0
0.0,0.0,1.0,0.0,0.0,0.0,1.0,0.0,0.0,0.0,0.0,1.0,0.0,227,1.0
0.0,0.0,1.0,0.0,0.0,0.0,1.0,0.0,0.0,0.0,0.0,1.0,0.0,228,1.0
13.88805189036567,0.0,1e-08,0.0,0.99999999,0.0,0.6666666666666666,0.0,0.0,-7.402023228416362,-7.402058738763433,1.0,13.79672842416813,229,1.0
0.0,0.0,1.0,0.0,0.0,0.0,1.0,0.0,0.0,0.0,0.0,1.0,0.0,230,1.0
0.0,0.0,1.0,0.0,0.0,0.0,1.0,0.0,0.0,0.0,0.0,1.0,0.0,231,1.0
20.52477207279396,0.0,1e-08,0.0,0.99999999,0.0,0.6666666666666666,0.0,0.0,-10.95139954253661,-10.95142056858311,1.0,20.62033035150669,232,1.0
0.0,0.0,1e-08,3.382033071672329,0.99999999,0.5504777242918628,0.4158800296077437,1.0,0.0,-10.18784390044649,-10.18826757027817,1.0,0.0,233,1.0
0.0,0.0,1.0,0.0,0.0,0.0,1.0,0.0,0.0,0.0,0.0,1.0,0.0,234,1.0
