Site,alpha;,&beta;<sup>-</sup>,p<sup>-</sup>,&beta;<sup>+</sup>,p<sup>+</sup>,LRT,p-value,# branches under selection,Total branch length,MEME LogL,FEL LogL,omega,HumanBDNF
30,0.0,0.0,0.9329798863440444,64.82064230894058,0.06702011365595562,6.629233969076168,0.01633714009594334,0.0,0.0,-11.90589123602933,-10.15673135767499,inf,
47,0.5029820881031652,0.04249696170650738,1e-08,5.191208493799169,0.99999999,4.313111088097152,0.05377770167788121,0.0,0.0,-26.19619340236399,-26.1967340422811,10.32086155070877,
53,0.5133117200458555,0.09535203582901398,0.9361469808353401,46.28411052226071,0.06385301916465991,6.285632671551753,0.01947734440880022,1.0,0.0,-39.72443252626879,-36.19342050657625,90.16764806797326,
54,0.0,0.0,0.9052271290932207,25.66829730926279,0.09477287090677933,7.721759355139923,0.009354916766308619,0.0,0.0,-29.72136734083117,-26.57004683651606,inf,
56,1.226244947775654,0.06227297951691196,0.9621517196426445,10000.0,0.03784828035735555,7.239329867157707,0.01196331359223934,0.0,0.0,-37.81145091949299,-33.31898754735517,8154.977533762313,
60,0.0,0.0,0.8987373274234735,72.46082378687295,0.1012626725765265,7.092626266660837,0.01289332315701452,0.0,0.0,-18.2985317879583,-16.29782623824136,inf,
62,0.7329917962678756,0.0,0.8956422820154109,27.18458229290502,0.1043577179845891,7.739199746218802,0.009272171862848566,0.0,0.0,-38.7006138722849,-34.98459945842273,37.08715763439496,
63,0.0,0.0,0.8753363375215013,63.84952132421166,0.1246636624784987,5.052823552732981,0.03668905437880288,0.0,0.0,-22.54889129161539,-21.01943875186522,inf,
64,0.0,0.0,0.9367358482040193,92.91692798916866,0.06326415179598066,17.73140221749573,5.938606003130786e-05,0.0,0.0,-37.29159384864722,-28.66522342911886,inf,
70,0.9967082522833607,0.9967082522833607,0.9671279034418981,160.2266749995722,0.03287209655810186,5.266349787919637,0.0328674609211359,0.0,0.0,-52.05300580775494,-49.9312328873027,160.75584267764276,
71,2.078633717912152,0.0,0.9196661324198563,138.8562412230383,0.08033386758014371,5.236031700620714,0.03338450624586664,0.0,0.0,-50.4848532948139,-46.8974674126363,66.80168806388365,
84,0.662216962063157,0.0,0.9197514008960977,99.18927433771583,0.08024859910390225,9.811381378170864,0.003235225544593767,2.0,0.0,-45.38192367779991,-40.36257711068134,149.78365100870965,
87,0.1890462260391842,0.1004763018806666,0.952595947917833,4627.077130187433,0.04740405208216703,6.414521591532711,0.01823373816785745,0.0,0.0,-24.07413576125179,-20.8690833510868,24475.903207019666,
109,0.5134694297693423,0.0,0.8705503815806166,25.17146316519532,0.1294496184193834,3.262268542868526,0.09302670025786275,1.0,0.0,-36.19042743978149,-34.17134411479679,49.02232091305357,
125,1.044806512328752,0.0,0.8323287239147957,34.64645947827532,0.1676712760852043,8.179149935120861,0.007411566648122259,0.0,0.0,-37.24110667433452,-33.03158046505654,33.16064655938294,
127,0.2128341653393702,0.1185762789848463,0.9577202942491605,5973.774983037365,0.0422797057508395,10.17195993419009,0.002694813737621371,1.0,0.0,-34.06301179594895,-28.98066318077118,28067.744544265293,
128,0.9353096102379976,0.406984593452505,0.8975755107079701,25.78511227325454,0.1024244892920299,6.063540854999644,0.02182441894433385,1.0,0.0,-51.88985193320079,-47.31030079281517,27.568531308785865,
129,0.07076872114592014,0.05360645417561023,0.8637412279989946,64.61148416068374,0.1362587720010054,14.17593186010161,0.0003561471929423021,2.0,0.0,-54.58801443033933,-47.55207412125288,912.9949377982879,
153,0.5301601452480288,0.0,0.9745849625401273,22.48170012759542,0.02541503745987272,3.911245342383204,0.06626387668578271,0.0,0.0,-20.06623863719432,-17.9060646033014,42.40548884918092,
155,0.8925590681681822,0.0,0.908234106591828,91.61164821387224,0.09176589340817198,7.461217874570309,0.010683287964385,1.0,0.0,-37.75597079589477,-32.86647361726886,102.63931148208349,
160,0.0,0.0,0.9087950447733453,180.1633171565107,0.09120495522665473,8.492077276566278,0.006321067927350099,0.0,0.0,-37.76999905356849,-33.56538634656905,inf,
165,0.6579569903585658,0.0,0.8824854855326316,34.36636077450583,0.1175145144673684,6.313402218262155,0.01920236806804798,0.0,0.0,-39.27699008809594,-36.14795669319693,52.23192591323826,
170,1.697521490395997,0.0,0.8030900814262725,17.04415347149078,0.1969099185737275,4.626975773639487,0.04571096693032017,0.0,0.0,-51.66066118425574,-48.90845182544335,10.040611307674656,
171,0.0,0.0,0.8512687252130928,85.38441063600082,0.1487312747869072,13.65296926962782,0.0004636782796257899,1.0,0.0,-60.96003073071489,-54.26046331914846,inf,
172,1.555425448733672,0.497845849955264,0.9678727290967014,2429.680208924031,0.03212727090329859,5.463836362968394,0.02969210582428861,0.0,0.0,-47.28248073474645,-44.07036441842151,1562.0679286828702,
173,0.4613777676200567,0.2770221503902388,0.8054903764867508,13.01045370928306,0.1945096235132492,3.611539917027343,0.07747487406600972,0.0,0.0,-47.64769510723472,-46.83670068955492,28.199134467175135,
176,0.4175441503903032,0.1220644437934181,0.9609666360130772,77.77828745861368,0.03903336398692281,3.810614947246556,0.06983015132332737,1.0,0.0,-24.86814427120875,-23.08589289313735,186.27560076200257,
178,0.1260141087052786,0.1260141087052786,0.9538339363981312,8874.368801780125,0.04616606360186881,10.5643914496171,0.002208990156867263,0.0,0.0,-35.44311446118603,-30.1750442291739,70423.61282366779,
181,0.9523109459032645,0.8321381413335116,0.9175539185780309,85.92702781114686,0.08244608142196908,8.949291226373532,0.005010626895661896,1.0,0.0,-80.56752287539578,-76.0996133691014,90.23001172127167,
182,0.0,0.0,0.8046612619750497,20.36135163356654,0.1953387380249503,15.19755570451218,0.0002127718607205509,9.0,0.0,-120.5269611473086,-110.1665553064419,inf,
203,0.0,0.0,1e-08,0.2026113539430232,0.99999999,3.4477177257723,0.08440646420312437,2.0,0.0,-27.2451236990692,-27.24551390861849,inf,14.0
215,0.1285301005648156,0.0,0.01,0.9740948249894597,0.99,6.438360008234127,0.0180126572139131,5.0,0.0,-87.48692150942456,-87.48542056248112,7.578729190352107,26.0
219,0.0,0.0,1e-08,0.3423615500809614,0.99999999,3.862239217623355,0.06797676607871639,5.0,0.0,-37.59321927266848,-37.59388944077069,inf,29.0
